date,trades,pnl,cumulative_pnl,capital,drawdown_pct,win_rate
2023-02-01,30,5.3999999999999995,5.3999999999999995,105.4,0.0,60.0
2023-02-02,28,1.4399999999999995,6.839999999999999,106.84,0.0,53.57142857142857
2023-02-03,37,-1.7400000000000007,5.099999999999998,105.1,0.0,48.64864864864865
2023-02-04,19,2.6199999999999997,7.719999999999997,107.72,0.0,57.89473684210527
2023-02-05,7,0.8599999999999999,8.579999999999997,108.58,0.0,57.14285714285714
2023-02-06,35,10.299999999999999,18.879999999999995,118.88,0.0,65.71428571428571
2023-02-07,30,9.399999999999999,28.279999999999994,128.28,0.0,66.66666666666666
2023-02-08,31,-1.6200000000000006,26.659999999999993,126.66,0.0,48.38709677419355
2023-02-09,15,-7.300000000000001,19.359999999999992,119.35999999999999,0.0,26.666666666666668
2023-02-10,34,1.3199999999999994,20.679999999999993,120.67999999999999,0.0,52.94117647058824
2023-02-11,22,5.56,26.23999999999999,126.24,0.0,63.63636363636363
2023-02-12,10,-0.20000000000000018,26.039999999999992,126.03999999999999,0.0,50.0
2023-02-13,16,1.6799999999999997,27.71999999999999,127.72,0.0,56.25
2023-02-14,40,5.199999999999999,32.91999999999999,132.92,0.0,57.49999999999999
2023-02-15,24,-6.48,26.439999999999987,126.43999999999998,0.0,37.5
2023-02-16,29,-5.58,20.859999999999985,120.85999999999999,0.0,41.37931034482759
2023-02-17,33,8.34,29.199999999999985,129.2,0.0,63.63636363636363
2023-02-18,19,8.62,37.819999999999986,137.82,0.0,73.68421052631578
2023-02-19,23,2.5399999999999996,40.359999999999985,140.35999999999999,0.0,56.52173913043478
2023-02-20,27,-1.5400000000000005,38.819999999999986,138.82,0.0,48.148148148148145
2023-02-21,36,1.2799999999999994,40.09999999999999,140.1,0.0,52.77777777777778
2023-02-22,30,-2.6000000000000005,37.499999999999986,137.5,0.0,46.666666666666664
2023-02-23,31,-3.6200000000000006,33.87999999999999,133.88,0.0,45.16129032258064
2023-02-24,22,1.5599999999999996,35.43999999999999,135.44,0.0,54.54545454545454
2023-02-25,25,-3.5000000000000004,31.93999999999999,131.94,0.0,44.0
2023-02-26,19,10.62,42.55999999999999,142.56,0.0,78.94736842105263
2023-02-27,22,1.5599999999999996,44.11999999999999,144.12,0.0,54.54545454545454
2023-02-28,29,8.42,52.53999999999999,152.54,0.0,65.51724137931035
2023-03-01,32,9.36,61.89999999999999,161.89999999999998,0.0,65.625
2023-03-02,37,2.2599999999999993,64.16,164.16,0.0,54.054054054054056
2023-03-03,34,5.319999999999999,69.47999999999999,169.48,0.0,58.82352941176471
2023-03-04,18,-0.3600000000000003,69.11999999999999,169.12,0.0,50.0
2023-03-05,15,4.699999999999999,73.82,173.82,0.0,66.66666666666666
2023-03-06,22,11.559999999999999,85.38,185.38,0.0,77.27272727272727
2023-03-07,21,4.58,89.96,189.95999999999998,0.0,61.904761904761905
2023-03-08,28,3.4399999999999995,93.39999999999999,193.39999999999998,0.0,57.14285714285714
2023-03-09,41,-7.82,85.57999999999998,185.57999999999998,0.0,41.46341463414634
2023-03-10,39,0.2199999999999993,85.79999999999998,185.79999999999998,0.0,51.28205128205128
2023-03-11,32,5.359999999999999,91.15999999999998,191.15999999999997,0.0,59.375
2023-03-12,10,-0.20000000000000018,90.95999999999998,190.95999999999998,0.0,50.0
2023-03-13,42,-6.840000000000001,84.11999999999998,184.11999999999998,0.0,42.857142857142854
2023-03-14,24,7.52,91.63999999999997,191.64,0.0,66.66666666666666
2023-03-15,17,2.6599999999999997,94.29999999999997,194.29999999999995,0.0,58.82352941176471
2023-03-16,25,4.5,98.79999999999997,198.79999999999995,0.0,60.0
2023-03-17,30,-12.600000000000001,86.19999999999996,186.19999999999996,0.0,30.0
2023-03-18,21,8.58,94.77999999999996,194.77999999999997,0.0,71.42857142857143
2023-03-19,24,-0.4800000000000004,94.29999999999995,194.29999999999995,0.0,50.0
2023-03-20,34,7.319999999999999,101.61999999999995,201.61999999999995,0.0,61.76470588235294
2023-03-21,20,1.5999999999999996,103.21999999999994,203.21999999999994,0.0,55.00000000000001
2023-03-22,20,-2.4000000000000004,100.81999999999994,200.81999999999994,0.0,45.0
2023-03-23,36,1.2799999999999994,102.09999999999994,202.09999999999994,0.0,52.77777777777778
2023-03-24,26,-0.5200000000000005,101.57999999999994,201.57999999999993,0.0,50.0
2023-03-25,20,1.5999999999999996,103.17999999999994,203.17999999999995,0.0,55.00000000000001
2023-03-26,27,-1.5400000000000005,101.63999999999993,201.63999999999993,0.0,48.148148148148145
2023-03-27,19,4.619999999999999,106.25999999999993,206.25999999999993,0.0,63.1578947368421
2023-03-28,22,1.5599999999999996,107.81999999999994,207.81999999999994,0.0,54.54545454545454
2023-03-29,41,0.17999999999999927,107.99999999999993,207.99999999999994,0.0,51.21951219512195
2023-03-30,22,3.5599999999999996,111.55999999999993,211.55999999999995,0.0,59.09090909090909
2023-03-31,25,0.49999999999999956,112.05999999999993,212.05999999999995,0.0,52.0
2023-04-01,28,11.44,123.49999999999993,223.49999999999994,0.0,71.42857142857143
2023-04-02,24,7.52,131.01999999999992,231.01999999999992,0.0,66.66666666666666
2023-04-03,19,6.619999999999999,137.63999999999993,237.63999999999993,0.0,68.42105263157895
2023-04-04,27,8.459999999999999,146.09999999999994,246.09999999999994,0.0,66.66666666666666
2023-04-05,17,6.66,152.75999999999993,252.75999999999993,0.0,70.58823529411765
2023-04-06,22,3.5599999999999996,156.31999999999994,256.31999999999994,0.0,59.09090909090909
2023-04-07,14,5.72,162.03999999999994,262.03999999999996,0.0,71.42857142857143
2023-04-08,31,6.379999999999999,168.41999999999993,268.41999999999996,0.0,61.29032258064516
2023-04-09,22,-2.4400000000000004,165.97999999999993,265.9799999999999,0.0,45.45454545454545
2023-04-10,19,0.6199999999999997,166.59999999999994,266.5999999999999,0.0,52.63157894736842
2023-04-11,19,12.62,179.21999999999994,279.2199999999999,0.0,84.21052631578947
2023-04-12,27,10.459999999999999,189.67999999999995,289.67999999999995,0.0,70.37037037037037
2023-04-13,31,10.379999999999999,200.05999999999995,300.05999999999995,0.0,67.74193548387096
2023-04-14,24,1.5199999999999996,201.57999999999996,301.5799999999999,0.0,54.166666666666664
2023-04-15,20,5.6,207.17999999999995,307.17999999999995,0.0,65.0
2023-04-16,30,1.3999999999999995,208.57999999999996,308.5799999999999,0.0,53.333333333333336
2023-04-17,29,-5.58,202.99999999999994,302.99999999999994,0.0,41.37931034482759
2023-04-18,37,-1.7400000000000007,201.25999999999993,301.25999999999993,0.0,48.64864864864865
2023-04-19,21,2.5799999999999996,203.83999999999995,303.8399999999999,0.0,57.14285714285714
2023-04-20,26,9.48,213.31999999999994,313.31999999999994,0.0,69.23076923076923
2023-04-21,24,9.52,222.83999999999995,322.8399999999999,0.0,70.83333333333334
2023-04-22,43,0.13999999999999924,222.97999999999993,322.9799999999999,0.0,51.162790697674424
2023-04-23,20,1.5999999999999996,224.57999999999993,324.5799999999999,0.0,55.00000000000001
2023-04-24,25,4.5,229.07999999999993,329.0799999999999,0.0,60.0
2023-04-25,17,6.66,235.73999999999992,335.7399999999999,0.0,70.58823529411765
2023-04-26,35,2.2999999999999994,238.03999999999994,338.03999999999996,0.0,54.285714285714285
2023-04-27,15,0.6999999999999997,238.73999999999992,338.7399999999999,0.0,53.333333333333336
2023-04-28,17,6.66,245.39999999999992,345.3999999999999,0.0,70.58823529411765
2023-04-29,27,6.459999999999999,251.85999999999993,351.8599999999999,0.0,62.96296296296296
2023-04-30,33,-1.6600000000000006,250.19999999999993,350.19999999999993,0.0,48.484848484848484
2023-05-01,35,-5.700000000000001,244.49999999999994,344.49999999999994,0.0,42.857142857142854
2023-05-02,23,2.5399999999999996,247.03999999999994,347.03999999999996,0.0,56.52173913043478
2023-05-03,31,2.3799999999999994,249.41999999999993,349.41999999999996,0.0,54.83870967741935
2023-05-04,37,14.26,263.67999999999995,363.67999999999995,0.0,70.27027027027027
2023-05-05,28,11.44,275.11999999999995,375.11999999999995,0.0,71.42857142857143
2023-05-06,33,-7.66,267.4599999999999,367.4599999999999,0.0,39.39393939393939
2023-05-07,19,6.619999999999999,274.0799999999999,374.0799999999999,0.0,68.42105263157895
2023-05-08,19,0.6199999999999997,274.69999999999993,374.69999999999993,0.0,52.63157894736842
2023-05-09,18,9.64,284.3399999999999,384.3399999999999,0.0,77.77777777777779
2023-05-10,23,-1.4600000000000004,282.87999999999994,382.87999999999994,0.0,47.82608695652174
2023-05-11,36,5.279999999999999,288.1599999999999,388.1599999999999,0.0,58.333333333333336
2023-05-12,45,0.0999999999999992,288.25999999999993,388.25999999999993,0.0,51.11111111111111
2023-05-13,22,5.56,293.81999999999994,393.81999999999994,0.0,63.63636363636363
2023-05-14,15,4.699999999999999,298.5199999999999,398.5199999999999,0.0,66.66666666666666
2023-05-15,35,8.299999999999999,306.81999999999994,406.81999999999994,0.0,62.857142857142854
2023-05-16,25,6.5,313.31999999999994,413.31999999999994,0.0,64.0
2023-05-17,31,-3.6200000000000006,309.69999999999993,409.69999999999993,0.0,45.16129032258064
2023-05-18,32,-0.6400000000000006,309.05999999999995,409.05999999999995,0.0,50.0
2023-05-19,9,2.82,311.87999999999994,411.87999999999994,0.0,66.66666666666666
2023-05-20,18,7.64,319.5199999999999,419.5199999999999,0.0,72.22222222222221
2023-05-21,28,-2.5600000000000005,316.9599999999999,416.9599999999999,0.0,46.42857142857143
2023-05-22,17,0.6599999999999997,317.61999999999995,417.61999999999995,0.0,52.94117647058824
2023-05-23,26,11.48,329.09999999999997,429.09999999999997,0.0,73.07692307692307
2023-05-24,24,3.5199999999999996,332.61999999999995,432.61999999999995,0.0,58.333333333333336
2023-05-25,28,11.44,344.05999999999995,444.05999999999995,0.0,71.42857142857143
2023-05-26,12,3.76,347.81999999999994,447.81999999999994,0.0,66.66666666666666
2023-05-27,24,3.5199999999999996,351.3399999999999,451.3399999999999,0.0,58.333333333333336
2023-05-28,18,3.6399999999999997,354.9799999999999,454.9799999999999,0.0,61.111111111111114
2023-05-29,23,10.54,365.5199999999999,465.5199999999999,0.0,73.91304347826086
2023-05-30,26,3.4799999999999995,368.99999999999994,468.99999999999994,0.0,57.692307692307686
2023-05-31,32,-0.6400000000000006,368.35999999999996,468.35999999999996,0.0,50.0
2023-06-01,23,10.54,378.9,478.9,0.0,73.91304347826086
2023-06-02,41,-1.8200000000000007,377.08,477.08,0.0,48.78048780487805
2023-06-03,20,5.6,382.68,482.68,0.0,65.0
2023-06-04,30,11.399999999999999,394.08,494.08,0.0,70.0
2023-06-05,42,-2.8400000000000007,391.24,491.24,0.0,47.61904761904761
2023-06-06,31,-3.6200000000000006,387.62,487.62,0.0,45.16129032258064
2023-06-07,32,7.359999999999999,394.98,494.98,0.0,62.5
2023-06-08,12,3.76,398.74,498.74,0.0,66.66666666666666
2023-06-09,35,8.299999999999999,407.04,507.04,0.0,62.857142857142854
2023-06-10,23,6.539999999999999,413.58000000000004,513.58,0.0,65.21739130434783
2023-06-11,13,0.7399999999999998,414.32000000000005,514.32,0.0,53.84615384615385
2023-06-12,24,7.52,421.84000000000003,521.84,0.0,66.66666666666666
2023-06-13,31,0.37999999999999945,422.22,522.22,0.0,51.61290322580645
2023-06-14,32,17.36,439.58000000000004,539.58,0.0,78.125
2023-06-15,38,1.2399999999999993,440.82000000000005,540.82,0.0,52.63157894736842
2023-06-16,32,7.359999999999999,448.18000000000006,548.1800000000001,0.0,62.5
2023-06-17,30,9.399999999999999,457.58000000000004,557.58,0.0,66.66666666666666
2023-06-18,17,6.66,464.24000000000007,564.24,0.0,70.58823529411765
2023-06-19,15,2.6999999999999997,466.94000000000005,566.94,0.0,60.0
2023-06-20,25,2.4999999999999996,469.44000000000005,569.44,0.0,56.00000000000001
2023-06-21,35,-5.700000000000001,463.74000000000007,563.74,0.0,42.857142857142854
2023-06-22,26,11.48,475.2200000000001,575.22,0.0,73.07692307692307
2023-06-23,18,1.6399999999999997,476.86000000000007,576.8600000000001,0.0,55.55555555555556
2023-06-24,18,3.6399999999999997,480.50000000000006,580.5,0.0,61.111111111111114
2023-06-25,25,0.49999999999999956,481.00000000000006,581.0,0.0,52.0
2023-06-26,18,5.64,486.64000000000004,586.6400000000001,0.0,66.66666666666666
2023-06-27,21,-1.4200000000000004,485.22,585.22,0.0,47.61904761904761
2023-06-28,29,4.42,489.64000000000004,589.6400000000001,0.0,58.620689655172406
2023-06-29,30,3.3999999999999995,493.04,593.04,0.0,56.666666666666664
2023-06-30,15,-5.300000000000001,487.74,587.74,0.0,33.33333333333333
2023-07-01,20,1.5999999999999996,489.34000000000003,589.34,0.0,55.00000000000001
2023-07-02,19,12.62,501.96000000000004,601.96,0.0,84.21052631578947
2023-07-03,30,-2.6000000000000005,499.36,599.36,0.0,46.666666666666664
2023-07-04,30,3.3999999999999995,502.76,602.76,0.0,56.666666666666664
2023-07-05,16,-0.3200000000000003,502.44,602.44,0.0,50.0
2023-07-06,18,-6.36,496.08,596.0799999999999,0.0,33.33333333333333
2023-07-07,30,5.3999999999999995,501.47999999999996,601.48,0.0,60.0
2023-07-08,26,5.4799999999999995,506.96,606.96,0.0,61.53846153846154
2023-07-09,21,2.5799999999999996,509.53999999999996,609.54,0.0,57.14285714285714
2023-07-10,16,5.68,515.2199999999999,615.2199999999999,0.0,68.75
2023-07-11,26,7.4799999999999995,522.6999999999999,622.6999999999999,0.0,65.38461538461539
2023-07-12,37,-3.7400000000000007,518.9599999999999,618.9599999999999,0.0,45.94594594594595
2023-07-13,29,0.4199999999999995,519.3799999999999,619.3799999999999,0.0,51.724137931034484
2023-07-14,34,1.3199999999999994,520.6999999999999,620.6999999999999,0.0,52.94117647058824
2023-07-15,8,5.84,526.54,626.54,0.0,87.5
2023-07-16,23,8.54,535.0799999999999,635.0799999999999,0.0,69.56521739130434
2023-07-17,7,2.86,537.9399999999999,637.9399999999999,0.0,71.42857142857143
2023-07-18,29,-1.5800000000000005,536.3599999999999,636.3599999999999,0.0,48.275862068965516
2023-07-19,39,14.219999999999999,550.5799999999999,650.5799999999999,0.0,69.23076923076923
2023-07-20,28,-2.5600000000000005,548.02,648.02,0.0,46.42857142857143
2023-07-21,19,4.619999999999999,552.64,652.64,0.0,63.1578947368421
2023-07-22,30,7.3999999999999995,560.04,660.04,0.0,63.33333333333333
2023-07-23,14,5.72,565.76,665.76,0.0,71.42857142857143
2023-07-24,24,-6.48,559.28,659.28,0.0,37.5
2023-07-25,21,-1.4200000000000004,557.86,657.86,0.0,47.61904761904761
2023-07-26,26,7.4799999999999995,565.34,665.34,0.0,65.38461538461539
2023-07-27,32,-0.6400000000000006,564.7,664.7,0.0,50.0
2023-07-28,23,6.539999999999999,571.24,671.24,0.0,65.21739130434783
2023-07-29,36,7.279999999999999,578.52,678.52,0.0,61.111111111111114
2023-07-30,29,2.4199999999999995,580.9399999999999,680.9399999999999,0.0,55.172413793103445
2023-07-31,19,-1.3800000000000003,579.56,679.56,0.0,47.368421052631575
2023-08-01,35,-1.7000000000000006,577.8599999999999,677.8599999999999,0.0,48.57142857142857
2023-08-02,25,-3.5000000000000004,574.3599999999999,674.3599999999999,0.0,44.0
2023-08-03,22,3.5599999999999996,577.9199999999998,677.9199999999998,0.0,59.09090909090909
2023-08-04,30,1.3999999999999995,579.3199999999998,679.3199999999998,0.0,53.333333333333336
2023-08-05,17,4.66,583.9799999999998,683.9799999999998,0.0,64.70588235294117
2023-08-06,29,0.4199999999999995,584.3999999999997,684.3999999999997,0.0,51.724137931034484
2023-08-07,31,4.379999999999999,588.7799999999997,688.7799999999997,0.0,58.06451612903226
2023-08-08,25,-7.5,581.2799999999997,681.2799999999997,0.0,36.0
2023-08-09,32,1.3599999999999994,582.6399999999998,682.6399999999998,0.0,53.125
2023-08-10,23,2.5399999999999996,585.1799999999997,685.1799999999997,0.0,56.52173913043478
2023-08-11,24,3.5199999999999996,588.6999999999997,688.6999999999997,0.0,58.333333333333336
2023-08-12,22,-0.4400000000000004,588.2599999999996,688.2599999999996,0.0,50.0
2023-08-13,28,-0.5600000000000005,587.6999999999997,687.6999999999997,0.0,50.0
2023-08-14,10,-0.20000000000000018,587.4999999999997,687.4999999999997,0.0,50.0
2023-08-15,22,11.559999999999999,599.0599999999996,699.0599999999996,0.0,77.27272727272727
2023-08-16,16,-0.3200000000000003,598.7399999999996,698.7399999999996,0.0,50.0
2023-08-17,27,-5.540000000000001,593.1999999999996,693.1999999999996,0.0,40.74074074074074
2023-08-18,28,-0.5600000000000005,592.6399999999996,692.6399999999996,0.0,50.0
2023-08-19,25,6.5,599.1399999999996,699.1399999999996,0.0,64.0
2023-08-20,25,8.5,607.6399999999996,707.6399999999996,0.0,68.0
2023-08-21,29,6.42,614.0599999999996,714.0599999999996,0.0,62.06896551724138
2023-08-22,22,9.559999999999999,623.6199999999995,723.6199999999995,0.0,72.72727272727273
2023-08-23,32,-2.6400000000000006,620.9799999999996,720.9799999999996,0.0,46.875
2023-08-24,28,-2.5600000000000005,618.4199999999996,718.4199999999996,0.0,46.42857142857143
2023-08-25,19,12.62,631.0399999999996,731.0399999999996,0.0,84.21052631578947
2023-08-26,13,2.7399999999999998,633.7799999999996,733.7799999999996,0.0,61.53846153846154
2023-08-27,26,-0.5200000000000005,633.2599999999996,733.2599999999996,0.0,50.0
2023-08-28,23,4.539999999999999,637.7999999999996,737.7999999999996,0.0,60.86956521739131
2023-08-29,25,6.5,644.2999999999996,744.2999999999996,0.0,64.0
2023-08-30,19,2.6199999999999997,646.9199999999996,746.9199999999996,0.0,57.89473684210527
2023-08-31,19,2.6199999999999997,649.5399999999996,749.5399999999996,0.0,57.89473684210527
2023-09-01,27,4.459999999999999,653.9999999999997,753.9999999999997,0.0,59.25925925925925
2023-09-02,15,2.6999999999999997,656.6999999999997,756.6999999999997,0.0,60.0
2023-09-03,16,5.68,662.3799999999997,762.3799999999997,0.0,68.75
2023-09-04,24,3.5199999999999996,665.8999999999996,765.8999999999996,0.0,58.333333333333336
2023-09-05,19,0.6199999999999997,666.5199999999996,766.5199999999996,0.0,52.63157894736842
2023-09-06,32,9.36,675.8799999999997,775.8799999999997,0.0,65.625
2023-09-07,32,5.359999999999999,681.2399999999997,781.2399999999997,0.0,59.375
2023-09-08,32,11.36,692.5999999999997,792.5999999999997,0.0,68.75
2023-09-09,19,6.619999999999999,699.2199999999997,799.2199999999997,0.0,68.42105263157895
2023-09-10,19,0.6199999999999997,699.8399999999997,799.8399999999997,0.0,52.63157894736842
2023-09-11,22,7.56,707.3999999999996,807.3999999999996,0.0,68.18181818181817
2023-09-12,34,-0.6800000000000006,706.7199999999997,806.7199999999997,0.0,50.0
2023-09-13,27,6.459999999999999,713.1799999999997,813.1799999999997,0.0,62.96296296296296
2023-09-14,21,0.5799999999999996,713.7599999999998,813.7599999999998,0.0,52.38095238095239
2023-09-15,33,6.34,720.0999999999998,820.0999999999998,0.0,60.60606060606061
2023-09-16,14,1.7199999999999998,721.8199999999998,821.8199999999998,0.0,57.14285714285714
2023-09-17,25,6.5,728.3199999999998,828.3199999999998,0.0,64.0
2023-09-18,13,2.7399999999999998,731.0599999999998,831.0599999999998,0.0,61.53846153846154
2023-09-19,25,2.4999999999999996,733.5599999999998,833.5599999999998,0.0,56.00000000000001
2023-09-20,24,5.52,739.0799999999998,839.0799999999998,0.0,62.5
2023-09-21,25,2.4999999999999996,741.5799999999998,841.5799999999998,0.0,56.00000000000001
2023-09-22,20,3.5999999999999996,745.1799999999998,845.1799999999998,0.0,60.0
2023-09-23,13,10.74,755.9199999999998,855.9199999999998,0.0,92.3076923076923
2023-09-24,17,6.66,762.5799999999998,862.5799999999998,0.0,70.58823529411765
2023-09-25,29,4.42,766.9999999999998,866.9999999999998,0.0,58.620689655172406
2023-09-26,28,3.4399999999999995,770.4399999999998,870.4399999999998,0.0,57.14285714285714
2023-09-27,14,-0.28000000000000025,770.1599999999999,870.1599999999999,0.0,50.0
2023-09-28,16,3.6799999999999997,773.8399999999998,873.8399999999998,0.0,62.5
2023-09-29,17,6.66,780.4999999999998,880.4999999999998,0.0,70.58823529411765
2023-09-30,23,4.539999999999999,785.0399999999997,885.0399999999997,0.0,60.86956521739131
2023-10-01,25,-3.5000000000000004,781.5399999999997,881.5399999999997,0.0,44.0
2023-10-02,27,-3.5400000000000005,777.9999999999998,877.9999999999998,0.0,44.44444444444444
2023-10-03,21,12.58,790.5799999999998,890.5799999999998,0.0,80.95238095238095
2023-10-04,26,3.4799999999999995,794.0599999999998,894.0599999999998,0.0,57.692307692307686
2023-10-05,27,4.459999999999999,798.5199999999999,898.5199999999999,0.0,59.25925925925925
2023-10-06,37,-7.74,790.7799999999999,890.7799999999999,0.0,40.54054054054054
2023-10-07,9,6.82,797.5999999999999,897.5999999999999,0.0,88.88888888888889
2023-10-08,17,2.6599999999999997,800.2599999999999,900.2599999999999,0.0,58.82352941176471
2023-10-09,16,3.6799999999999997,803.9399999999998,903.9399999999998,0.0,62.5
2023-10-10,28,3.4399999999999995,807.3799999999999,907.3799999999999,0.0,57.14285714285714
2023-10-11,28,1.4399999999999995,808.8199999999999,908.8199999999999,0.0,53.57142857142857
2023-10-12,17,6.66,815.4799999999999,915.4799999999999,0.0,70.58823529411765
2023-10-13,28,5.4399999999999995,820.92,920.92,0.0,60.71428571428571
2023-10-14,25,8.5,829.42,929.42,0.0,68.0
2023-10-15,19,-1.3800000000000003,828.04,928.04,0.0,47.368421052631575
2023-10-16,17,-1.3400000000000003,826.6999999999999,926.6999999999999,0.0,47.05882352941176
2023-10-17,31,4.379999999999999,831.0799999999999,931.0799999999999,0.0,58.06451612903226
2023-10-18,31,6.379999999999999,837.4599999999999,937.4599999999999,0.0,61.29032258064516
2023-10-19,20,3.5999999999999996,841.06,941.06,0.0,60.0
2023-10-20,18,-2.3600000000000003,838.6999999999999,938.6999999999999,0.0,44.44444444444444
2023-10-21,21,6.58,845.28,945.28,0.0,66.66666666666666
2023-10-22,25,12.5,857.78,957.78,0.0,76.0
2023-10-23,19,-3.3800000000000003,854.4,954.4,0.0,42.10526315789473
2023-10-24,30,1.3999999999999995,855.8,955.8,0.0,53.333333333333336
2023-10-25,26,1.4799999999999995,857.28,957.28,0.0,53.84615384615385
2023-10-26,31,8.379999999999999,865.66,965.66,0.0,64.51612903225806
2023-10-27,17,10.66,876.3199999999999,976.3199999999999,0.0,82.35294117647058
2023-10-28,32,7.359999999999999,883.68,983.68,0.0,62.5
2023-10-29,27,4.459999999999999,888.14,988.14,0.0,59.25925925925925
2023-10-30,28,5.4399999999999995,893.58,993.58,0.0,60.71428571428571
2023-10-31,33,0.3399999999999994,893.9200000000001,993.9200000000001,0.0,51.515151515151516
2023-11-01,19,6.619999999999999,900.5400000000001,1000.5400000000001,0.0,68.42105263157895
2023-11-02,32,-2.6400000000000006,897.9000000000001,997.9000000000001,0.0,46.875
2023-11-03,40,3.1999999999999993,901.1000000000001,1001.1000000000001,0.0,55.00000000000001
2023-11-04,19,8.62,909.7200000000001,1009.7200000000001,0.0,73.68421052631578
2023-11-05,17,2.6599999999999997,912.3800000000001,1012.3800000000001,0.0,58.82352941176471
2023-11-06,25,2.4999999999999996,914.8800000000001,1014.8800000000001,0.0,56.00000000000001
2023-11-07,12,1.7599999999999998,916.6400000000001,1016.6400000000001,0.0,58.333333333333336
2023-11-08,16,7.68,924.32,1024.3200000000002,0.0,75.0
2023-11-09,25,-5.5,918.82,1018.82,0.0,40.0
2023-11-10,29,2.4199999999999995,921.24,1021.24,0.0,55.172413793103445
2023-11-11,25,4.5,925.74,1025.74,0.0,60.0
2023-11-12,16,5.68,931.42,1031.42,0.0,68.75
2023-11-13,20,-0.40000000000000036,931.02,1031.02,0.0,50.0
2023-11-14,27,4.459999999999999,935.48,1035.48,0.0,59.25925925925925
2023-11-15,39,-7.780000000000001,927.7,1027.7,0.0,41.02564102564102
2023-11-16,30,1.3999999999999995,929.1,1029.1,0.0,53.333333333333336
2023-11-17,23,4.539999999999999,933.64,1033.6399999999999,0.0,60.86956521739131
2023-11-18,25,10.5,944.14,1044.1399999999999,0.0,72.0
2023-11-19,33,-3.6600000000000006,940.48,1040.48,0.0,45.45454545454545
2023-11-20,15,6.699999999999999,947.1800000000001,1047.18,0.0,73.33333333333333
2023-11-21,25,0.49999999999999956,947.6800000000001,1047.68,0.0,52.0
2023-11-22,23,2.5399999999999996,950.22,1050.22,0.0,56.52173913043478
2023-11-23,21,8.58,958.8000000000001,1058.8000000000002,0.0,71.42857142857143
2023-11-24,16,1.6799999999999997,960.48,1060.48,0.0,56.25
2023-11-25,23,4.539999999999999,965.02,1065.02,0.0,60.86956521739131
2023-11-26,21,8.58,973.6,1073.6,0.0,71.42857142857143
2023-11-27,18,1.6399999999999997,975.24,1075.24,0.0,55.55555555555556
2023-11-28,25,-3.5000000000000004,971.74,1071.74,0.0,44.0
2023-11-29,26,7.4799999999999995,979.22,1079.22,0.0,65.38461538461539
2023-11-30,22,9.559999999999999,988.78,1088.78,0.0,72.72727272727273
2023-12-01,31,-3.6200000000000006,985.16,1085.1599999999999,0.0,45.16129032258064
2023-12-02,9,4.82,989.98,1089.98,0.0,77.77777777777779
2023-12-03,23,2.5399999999999996,992.52,1092.52,0.0,56.52173913043478
2023-12-04,16,-0.3200000000000003,992.1999999999999,1092.1999999999998,0.0,50.0
2023-12-05,19,-5.380000000000001,986.8199999999999,1086.82,0.0,36.84210526315789
2023-12-06,15,4.699999999999999,991.52,1091.52,0.0,66.66666666666666
2023-12-07,18,1.6399999999999997,993.16,1093.1599999999999,0.0,55.55555555555556
2023-12-08,35,4.299999999999999,997.4599999999999,1097.46,0.0,57.14285714285714
2023-12-09,22,7.56,1005.0199999999999,1105.02,0.0,68.18181818181817
2023-12-10,26,3.4799999999999995,1008.4999999999999,1108.5,0.0,57.692307692307686
2023-12-11,16,-4.32,1004.1799999999998,1104.1799999999998,0.0,37.5
2023-12-12,31,2.3799999999999994,1006.5599999999998,1106.56,0.0,54.83870967741935
2023-12-13,36,-2.7200000000000006,1003.8399999999998,1103.8399999999997,0.0,47.22222222222222
2023-12-14,18,5.64,1009.4799999999998,1109.4799999999998,0.0,66.66666666666666
2023-12-15,30,-4.6000000000000005,1004.8799999999998,1104.8799999999997,0.0,43.333333333333336
2023-12-16,22,1.5599999999999996,1006.4399999999997,1106.4399999999996,0.0,54.54545454545454
2023-12-17,25,-7.5,998.9399999999997,1098.9399999999996,0.0,36.0
2023-12-18,27,2.4599999999999995,1001.3999999999997,1101.3999999999996,0.0,55.55555555555556
2023-12-19,23,4.539999999999999,1005.9399999999997,1105.9399999999996,0.0,60.86956521739131
2023-12-20,25,0.49999999999999956,1006.4399999999997,1106.4399999999996,0.0,52.0
2023-12-21,29,4.42,1010.8599999999997,1110.8599999999997,0.0,58.620689655172406
2023-12-22,28,3.4399999999999995,1014.2999999999997,1114.2999999999997,0.0,57.14285714285714
2023-12-23,30,5.3999999999999995,1019.6999999999997,1119.6999999999998,0.0,60.0
2023-12-24,22,3.5599999999999996,1023.2599999999996,1123.2599999999998,0.0,59.09090909090909
2023-12-25,21,6.58,1029.8399999999997,1129.8399999999997,0.0,66.66666666666666
2023-12-26,22,5.56,1035.3999999999996,1135.3999999999996,0.0,63.63636363636363
2023-12-27,31,-1.6200000000000006,1033.7799999999997,1133.7799999999997,0.0,48.38709677419355
2023-12-28,29,0.4199999999999995,1034.1999999999998,1134.1999999999998,0.0,51.724137931034484
2023-12-29,27,2.4599999999999995,1036.6599999999999,1136.6599999999999,0.0,55.55555555555556
2023-12-30,28,9.44,1046.1,1146.1,0.0,67.85714285714286
2023-12-31,15,2.6999999999999997,1048.8,1148.8,0.0,60.0
2024-01-01,27,-1.5400000000000005,1047.26,1147.26,0.0,48.148148148148145
2024-01-02,22,-2.4400000000000004,1044.82,1144.82,0.0,45.45454545454545
2024-01-03,14,1.7199999999999998,1046.54,1146.54,0.0,57.14285714285714
2024-01-04,30,5.3999999999999995,1051.94,1151.94,0.0,60.0
2024-01-05,17,10.66,1062.6000000000001,1162.6000000000001,0.0,82.35294117647058
2024-01-06,25,4.5,1067.1000000000001,1167.1000000000001,0.0,60.0
2024-01-07,24,3.5199999999999996,1070.6200000000001,1170.6200000000001,0.0,58.333333333333336
2024-01-08,10,-2.2,1068.42,1168.42,0.0,40.0
2024-01-09,17,14.66,1083.0800000000002,1183.0800000000002,0.0,94.11764705882352
2024-01-10,23,4.539999999999999,1087.6200000000001,1187.6200000000001,0.0,60.86956521739131
2024-01-11,22,3.5599999999999996,1091.18,1191.18,0.0,59.09090909090909
2024-01-12,21,0.5799999999999996,1091.76,1191.76,0.0,52.38095238095239
2024-01-13,24,3.5199999999999996,1095.28,1195.28,0.0,58.333333333333336
2024-01-14,26,7.4799999999999995,1102.76,1202.76,0.0,65.38461538461539
2024-01-15,32,13.36,1116.12,1216.12,0.0,71.875
2024-01-16,19,10.62,1126.7399999999998,1226.7399999999998,0.0,78.94736842105263
2024-01-17,40,5.199999999999999,1131.9399999999998,1231.9399999999998,0.0,57.49999999999999
2024-01-18,26,5.4799999999999995,1137.4199999999998,1237.4199999999998,0.0,61.53846153846154
2024-01-19,34,3.3199999999999994,1140.7399999999998,1240.7399999999998,0.0,55.88235294117647
2024-01-20,17,2.6599999999999997,1143.3999999999999,1243.3999999999999,0.0,58.82352941176471
2024-01-21,21,6.58,1149.9799999999998,1249.9799999999998,0.0,66.66666666666666
2024-01-22,16,-0.3200000000000003,1149.6599999999999,1249.6599999999999,0.0,50.0
2024-01-23,34,-2.6800000000000006,1146.9799999999998,1246.9799999999998,0.0,47.05882352941176
2024-01-24,31,0.37999999999999945,1147.36,1247.36,0.0,51.61290322580645
2024-01-25,25,4.5,1151.86,1251.86,0.0,60.0
2024-01-26,29,4.42,1156.28,1256.28,0.0,58.620689655172406
2024-01-27,26,5.4799999999999995,1161.76,1261.76,0.0,61.53846153846154
2024-01-28,16,3.6799999999999997,1165.44,1265.44,0.0,62.5
2024-01-29,30,7.3999999999999995,1172.8400000000001,1272.8400000000001,0.0,63.33333333333333
2024-01-30,26,-0.5200000000000005,1172.3200000000002,1272.3200000000002,0.0,50.0
2024-01-31,17,2.6599999999999997,1174.9800000000002,1274.9800000000002,0.0,58.82352941176471
2024-02-01,37,0.25999999999999934,1175.2400000000002,1275.2400000000002,0.0,51.35135135135135
2024-02-02,26,3.4799999999999995,1178.7200000000003,1278.7200000000003,0.0,57.692307692307686
2024-02-03,20,11.6,1190.3200000000002,1290.3200000000002,0.0,80.0
2024-02-04,26,-2.5200000000000005,1187.8000000000002,1287.8000000000002,0.0,46.15384615384615
2024-02-05,35,4.299999999999999,1192.1000000000001,1292.1000000000001,0.0,57.14285714285714
2024-02-06,20,7.6,1199.7,1299.7,0.0,70.0
2024-02-07,28,7.4399999999999995,1207.14,1307.14,0.0,64.28571428571429
2024-02-08,39,0.2199999999999993,1207.3600000000001,1307.3600000000001,0.0,51.28205128205128
2024-02-09,25,-7.5,1199.8600000000001,1299.8600000000001,0.0,36.0
2024-02-10,21,4.58,1204.44,1304.44,0.0,61.904761904761905
2024-02-11,14,3.7199999999999998,1208.16,1308.16,0.0,64.28571428571429
2024-02-12,21,6.58,1214.74,1314.74,0.0,66.66666666666666
2024-02-13,22,7.56,1222.3,1322.3,0.0,68.18181818181817
2024-02-14,26,-2.5200000000000005,1219.78,1319.78,0.0,46.15384615384615
2024-02-15,36,1.2799999999999994,1221.06,1321.06,0.0,52.77777777777778
2024-02-16,30,11.399999999999999,1232.46,1332.46,0.0,70.0
2024-02-17,28,-4.5600000000000005,1227.9,1327.9,0.0,42.857142857142854
2024-02-18,28,9.44,1237.3400000000001,1337.3400000000001,0.0,67.85714285714286
2024-02-19,22,7.56,1244.9,1344.9,0.0,68.18181818181817
2024-02-20,37,-1.7400000000000007,1243.16,1343.16,0.0,48.64864864864865
2024-02-21,36,-2.7200000000000006,1240.44,1340.44,0.0,47.22222222222222
2024-02-22,32,13.36,1253.8,1353.8,0.0,71.875
2024-02-23,20,7.6,1261.3999999999999,1361.3999999999999,0.0,70.0
2024-02-24,39,8.219999999999999,1269.62,1369.62,0.0,61.53846153846154
2024-02-25,22,3.5599999999999996,1273.1799999999998,1373.1799999999998,0.0,59.09090909090909
2024-02-26,22,3.5599999999999996,1276.7399999999998,1376.7399999999998,0.0,59.09090909090909
2024-02-27,29,-7.58,1269.1599999999999,1369.1599999999999,0.0,37.93103448275862
2024-02-28,25,-5.5,1263.6599999999999,1363.6599999999999,0.0,40.0
2024-02-29,25,-5.5,1258.1599999999999,1358.1599999999999,0.0,40.0
2024-03-01,34,3.3199999999999994,1261.4799999999998,1361.4799999999998,0.0,55.88235294117647
2024-03-02,17,-3.3400000000000003,1258.1399999999999,1358.1399999999999,0.0,41.17647058823529
2024-03-03,23,0.5399999999999996,1258.6799999999998,1358.6799999999998,0.0,52.17391304347826
2024-03-04,32,-2.6400000000000006,1256.0399999999997,1356.0399999999997,0.0,46.875
2024-03-05,18,1.6399999999999997,1257.6799999999998,1357.6799999999998,0.0,55.55555555555556
2024-03-06,35,10.299999999999999,1267.9799999999998,1367.9799999999998,0.0,65.71428571428571
2024-03-07,27,-1.5400000000000005,1266.4399999999998,1366.4399999999998,0.0,48.148148148148145
2024-03-08,23,2.5399999999999996,1268.9799999999998,1368.9799999999998,0.0,56.52173913043478
2024-03-09,15,4.699999999999999,1273.6799999999998,1373.6799999999998,0.0,66.66666666666666
2024-03-10,34,1.3199999999999994,1274.9999999999998,1374.9999999999998,0.0,52.94117647058824
2024-03-11,19,-3.3800000000000003,1271.6199999999997,1371.6199999999997,0.0,42.10526315789473
2024-03-12,16,3.6799999999999997,1275.2999999999997,1375.2999999999997,0.0,62.5
2024-03-13,38,-2.7600000000000007,1272.5399999999997,1372.5399999999997,0.0,47.368421052631575
2024-03-14,22,3.5599999999999996,1276.0999999999997,1376.0999999999997,0.0,59.09090909090909
2024-03-15,21,4.58,1280.6799999999996,1380.6799999999996,0.0,61.904761904761905
2024-03-16,26,-0.5200000000000005,1280.1599999999996,1380.1599999999996,0.0,50.0
2024-03-17,38,5.239999999999999,1285.3999999999996,1385.3999999999996,0.0,57.89473684210527
2024-03-18,28,7.4399999999999995,1292.8399999999997,1392.8399999999997,0.0,64.28571428571429
2024-03-19,22,3.5599999999999996,1296.3999999999996,1396.3999999999996,0.0,59.09090909090909
2024-03-20,40,-0.8000000000000007,1295.5999999999997,1395.5999999999997,0.0,50.0
2024-03-21,29,-1.5800000000000005,1294.0199999999998,1394.0199999999998,0.0,48.275862068965516
2024-03-22,31,4.379999999999999,1298.3999999999999,1398.3999999999999,0.0,58.06451612903226
2024-03-23,42,3.1599999999999993,1301.56,1401.56,0.0,54.761904761904766
2024-03-24,31,4.379999999999999,1305.94,1405.94,0.0,58.06451612903226
2024-03-25,15,4.699999999999999,1310.64,1410.64,0.0,66.66666666666666
2024-03-26,24,3.5199999999999996,1314.16,1414.16,0.0,58.333333333333336
2024-03-27,20,1.5999999999999996,1315.76,1415.76,0.0,55.00000000000001
2024-03-28,31,2.3799999999999994,1318.14,1418.14,0.0,54.83870967741935
2024-03-29,31,4.379999999999999,1322.5200000000002,1422.5200000000002,0.0,58.06451612903226
2024-03-30,36,5.279999999999999,1327.8000000000002,1427.8000000000002,0.0,58.333333333333336
2024-03-31,24,-4.48,1323.3200000000002,1423.3200000000002,0.0,41.66666666666667
2024-04-01,27,-1.5400000000000005,1321.7800000000002,1421.7800000000002,0.0,48.148148148148145
2024-04-02,24,-8.48,1313.3000000000002,1413.3000000000002,0.0,33.33333333333333
2024-04-03,30,11.399999999999999,1324.7000000000003,1424.7000000000003,0.0,70.0
2024-04-04,34,-0.6800000000000006,1324.0200000000002,1424.0200000000002,0.0,50.0
2024-04-05,30,13.399999999999999,1337.4200000000003,1437.4200000000003,0.0,73.33333333333333
2024-04-06,34,1.3199999999999994,1338.7400000000002,1438.7400000000002,0.0,52.94117647058824
2024-04-07,21,2.5799999999999996,1341.3200000000002,1441.3200000000002,0.0,57.14285714285714
2024-04-08,10,-2.2,1339.1200000000001,1439.1200000000001,0.0,40.0
2024-04-09,26,7.4799999999999995,1346.6000000000001,1446.6000000000001,0.0,65.38461538461539
2024-04-10,28,-4.5600000000000005,1342.0400000000002,1442.0400000000002,0.0,42.857142857142854
2024-04-11,27,0.4599999999999995,1342.5000000000002,1442.5000000000002,0.0,51.85185185185185
2024-04-12,24,-4.48,1338.0200000000002,1438.0200000000002,0.0,41.66666666666667
2024-04-13,26,5.4799999999999995,1343.5000000000002,1443.5000000000002,0.0,61.53846153846154
2024-04-14,21,-1.4200000000000004,1342.0800000000002,1442.0800000000002,0.0,47.61904761904761
2024-04-15,34,-0.6800000000000006,1341.4,1441.4,0.0,50.0
2024-04-16,27,6.459999999999999,1347.8600000000001,1447.8600000000001,0.0,62.96296296296296
2024-04-17,34,3.3199999999999994,1351.18,1451.18,0.0,55.88235294117647
2024-04-18,38,3.2399999999999993,1354.42,1454.42,0.0,55.26315789473685
2024-04-19,25,2.4999999999999996,1356.92,1456.92,0.0,56.00000000000001
2024-04-20,27,4.459999999999999,1361.38,1461.38,0.0,59.25925925925925
2024-04-21,22,9.559999999999999,1370.94,1470.94,0.0,72.72727272727273
2024-04-22,33,4.34,1375.28,1475.28,0.0,57.57575757575758
2024-04-23,28,13.44,1388.72,1488.72,0.0,75.0
2024-04-24,27,-3.5400000000000005,1385.18,1485.18,0.0,44.44444444444444
2024-04-25,31,10.379999999999999,1395.5600000000002,1495.5600000000002,0.0,67.74193548387096
2024-04-26,18,1.6399999999999997,1397.2000000000003,1497.2000000000003,0.0,55.55555555555556
2024-04-27,26,9.48,1406.6800000000003,1506.6800000000003,0.0,69.23076923076923
2024-04-28,32,9.36,1416.0400000000002,1516.0400000000002,0.0,65.625
2024-04-29,24,3.5199999999999996,1419.5600000000002,1519.5600000000002,0.0,58.333333333333336
2024-04-30,16,-4.32,1415.2400000000002,1515.2400000000002,0.0,37.5
2024-05-01,23,2.5399999999999996,1417.7800000000002,1517.7800000000002,0.0,56.52173913043478
2024-05-02,32,1.3599999999999994,1419.14,1519.14,0.0,53.125
2024-05-03,36,-0.7200000000000006,1418.42,1518.42,0.0,50.0
2024-05-04,25,2.4999999999999996,1420.92,1520.92,0.0,56.00000000000001
2024-05-05,30,-0.6000000000000005,1420.3200000000002,1520.3200000000002,0.0,50.0
2024-05-06,24,5.52,1425.8400000000001,1525.8400000000001,0.0,62.5
2024-05-07,39,10.219999999999999,1436.0600000000002,1536.0600000000002,0.0,64.1025641025641
2024-05-08,27,-1.5400000000000005,1434.5200000000002,1534.5200000000002,0.0,48.148148148148145
2024-05-09,37,4.26,1438.7800000000002,1538.7800000000002,0.0,56.75675675675676
2024-05-10,19,4.619999999999999,1443.4,1543.4,0.0,63.1578947368421
2024-05-11,21,8.58,1451.98,1551.98,0.0,71.42857142857143
2024-05-12,23,4.539999999999999,1456.52,1556.52,0.0,60.86956521739131
2024-05-13,30,-4.6000000000000005,1451.92,1551.92,0.0,43.333333333333336
2024-05-14,33,-3.6600000000000006,1448.26,1548.26,0.0,45.45454545454545
2024-05-15,39,-3.7800000000000007,1444.48,1544.48,0.0,46.15384615384615
2024-05-16,28,7.4399999999999995,1451.92,1551.92,0.0,64.28571428571429
2024-05-17,23,6.539999999999999,1458.46,1558.46,0.0,65.21739130434783
2024-05-18,15,6.699999999999999,1465.16,1565.16,0.0,73.33333333333333
2024-05-19,30,7.3999999999999995,1472.5600000000002,1572.5600000000002,0.0,63.33333333333333
2024-05-20,25,-1.5000000000000004,1471.0600000000002,1571.0600000000002,0.0,48.0
2024-05-21,37,-1.7400000000000007,1469.3200000000002,1569.3200000000002,0.0,48.64864864864865
2024-05-22,32,3.3599999999999994,1472.68,1572.68,0.0,56.25
2024-05-23,19,-7.380000000000001,1465.3,1565.3,0.0,31.57894736842105
2024-05-24,30,1.3999999999999995,1466.7,1566.7,0.0,53.333333333333336
2024-05-25,22,3.5599999999999996,1470.26,1570.26,0.0,59.09090909090909
2024-05-26,36,9.28,1479.54,1579.54,0.0,63.888888888888886
2024-05-27,19,-5.380000000000001,1474.1599999999999,1574.1599999999999,0.0,36.84210526315789
2024-05-28,25,0.49999999999999956,1474.6599999999999,1574.6599999999999,0.0,52.0
2024-05-29,31,8.379999999999999,1483.04,1583.04,0.0,64.51612903225806
2024-05-30,36,1.2799999999999994,1484.32,1584.32,0.0,52.77777777777778
2024-05-31,16,7.68,1492.0,1592.0,0.0,75.0
2024-06-01,8,5.84,1497.84,1597.84,0.0,87.5
2024-06-02,11,0.7799999999999998,1498.62,1598.62,0.0,54.54545454545454
2024-06-03,19,-3.3800000000000003,1495.2399999999998,1595.2399999999998,0.0,42.10526315789473
2024-06-04,23,2.5399999999999996,1497.7799999999997,1597.7799999999997,0.0,56.52173913043478
2024-06-05,27,2.4599999999999995,1500.2399999999998,1600.2399999999998,0.0,55.55555555555556
2024-06-06,19,8.62,1508.8599999999997,1608.8599999999997,0.0,73.68421052631578
2024-06-07,30,-0.6000000000000005,1508.2599999999998,1608.2599999999998,0.0,50.0
2024-06-08,16,1.6799999999999997,1509.9399999999998,1609.9399999999998,0.0,56.25
2024-06-09,27,2.4599999999999995,1512.3999999999999,1612.3999999999999,0.0,55.55555555555556
2024-06-10,18,-2.3600000000000003,1510.04,1610.04,0.0,44.44444444444444
2024-06-11,23,2.5399999999999996,1512.58,1612.58,0.0,56.52173913043478
2024-06-12,22,1.5599999999999996,1514.1399999999999,1614.1399999999999,0.0,54.54545454545454
2024-06-13,39,0.2199999999999993,1514.36,1614.36,0.0,51.28205128205128
2024-06-14,14,3.7199999999999998,1518.08,1618.08,0.0,64.28571428571429
2024-06-15,27,4.459999999999999,1522.54,1622.54,0.0,59.25925925925925
2024-06-16,14,3.7199999999999998,1526.26,1626.26,0.0,64.28571428571429
2024-06-17,11,2.78,1529.04,1629.04,0.0,63.63636363636363
2024-06-18,27,0.4599999999999995,1529.5,1629.5,0.0,51.85185185185185
2024-06-19,24,3.5199999999999996,1533.02,1633.02,0.0,58.333333333333336
2024-06-20,25,-1.5000000000000004,1531.52,1631.52,0.0,48.0
2024-06-21,30,3.3999999999999995,1534.92,1634.92,0.0,56.666666666666664
2024-06-22,13,0.7399999999999998,1535.66,1635.66,0.0,53.84615384615385
2024-06-23,18,5.64,1541.3000000000002,1641.3000000000002,0.0,66.66666666666666
2024-06-24,3,-1.06,1540.2400000000002,1640.2400000000002,0.0,33.33333333333333
2024-06-25,30,9.399999999999999,1549.6400000000003,1649.6400000000003,0.0,66.66666666666666
2024-06-26,35,4.299999999999999,1553.9400000000003,1653.9400000000003,0.0,57.14285714285714
2024-06-27,27,4.459999999999999,1558.4000000000003,1658.4000000000003,0.0,59.25925925925925
2024-06-28,43,-5.860000000000001,1552.5400000000004,1652.5400000000004,0.0,44.18604651162791
2024-06-29,23,8.54,1561.0800000000004,1661.0800000000004,0.0,69.56521739130434
2024-06-30,22,-0.4400000000000004,1560.6400000000003,1660.6400000000003,0.0,50.0
2024-07-01,34,-4.680000000000001,1555.9600000000003,1655.9600000000003,0.0,44.11764705882353
2024-07-02,28,-2.5600000000000005,1553.4000000000003,1653.4000000000003,0.0,46.42857142857143
2024-07-03,32,-2.6400000000000006,1550.7600000000002,1650.7600000000002,0.0,46.875
2024-07-04,32,-6.640000000000001,1544.1200000000001,1644.1200000000001,0.0,40.625
2024-07-05,32,3.3599999999999994,1547.48,1647.48,0.0,56.25
2024-07-06,36,3.2799999999999994,1550.76,1650.76,0.0,55.55555555555556
2024-07-07,30,-4.6000000000000005,1546.16,1646.16,0.0,43.333333333333336
2024-07-08,7,0.8599999999999999,1547.02,1647.02,0.0,57.14285714285714
2024-07-09,26,9.48,1556.5,1656.5,0.0,69.23076923076923
2024-07-10,30,3.3999999999999995,1559.9,1659.9,0.0,56.666666666666664
2024-07-11,37,-1.7400000000000007,1558.16,1658.16,0.0,48.64864864864865
2024-07-12,30,1.3999999999999995,1559.5600000000002,1659.5600000000002,0.0,53.333333333333336
2024-07-13,34,1.3199999999999994,1560.88,1660.88,0.0,52.94117647058824
2024-07-14,22,1.5599999999999996,1562.44,1662.44,0.0,54.54545454545454
2024-07-15,32,-8.64,1553.8,1653.8,0.0,37.5
2024-07-16,34,3.3199999999999994,1557.12,1657.12,0.0,55.88235294117647
2024-07-17,34,-0.6800000000000006,1556.4399999999998,1656.4399999999998,0.0,50.0
2024-07-18,25,6.5,1562.9399999999998,1662.9399999999998,0.0,64.0
2024-07-19,28,7.4399999999999995,1570.3799999999999,1670.3799999999999,0.0,64.28571428571429
2024-07-20,12,-0.2400000000000002,1570.1399999999999,1670.1399999999999,0.0,50.0
2024-07-21,36,11.28,1581.4199999999998,1681.4199999999998,0.0,66.66666666666666
2024-07-22,31,6.379999999999999,1587.8,1687.8,0.0,61.29032258064516
2024-07-23,26,-4.5200000000000005,1583.28,1683.28,0.0,42.30769230769231
2024-07-24,31,2.3799999999999994,1585.66,1685.66,0.0,54.83870967741935
2024-07-25,36,-2.7200000000000006,1582.94,1682.94,0.0,47.22222222222222
2024-07-26,45,-1.9000000000000008,1581.04,1681.04,0.0,48.888888888888886
2024-07-27,24,1.5199999999999996,1582.56,1682.56,0.0,54.166666666666664
2024-07-28,33,0.3399999999999994,1582.8999999999999,1682.8999999999999,0.0,51.515151515151516
2024-07-29,27,0.4599999999999995,1583.36,1683.36,0.0,51.85185185185185
2024-07-30,28,1.4399999999999995,1584.8,1684.8,0.0,53.57142857142857
2024-07-31,25,2.4999999999999996,1587.3,1687.3,0.0,56.00000000000001
2024-08-01,29,-3.5800000000000005,1583.72,1683.72,0.0,44.827586206896555
2024-08-02,24,-0.4800000000000004,1583.24,1683.24,0.0,50.0
2024-08-03,27,-1.5400000000000005,1581.7,1681.7,0.0,48.148148148148145
2024-08-04,18,-0.3600000000000003,1581.3400000000001,1681.3400000000001,0.0,50.0
2024-08-05,21,2.5799999999999996,1583.92,1683.92,0.0,57.14285714285714
2024-08-06,38,7.239999999999999,1591.16,1691.16,0.0,60.526315789473685
2024-08-07,37,-5.74,1585.42,1685.42,0.0,43.24324324324324
2024-08-08,38,-2.7600000000000007,1582.66,1682.66,0.0,47.368421052631575
2024-08-09,21,4.58,1587.24,1687.24,0.0,61.904761904761905
2024-08-10,26,7.4799999999999995,1594.72,1694.72,0.0,65.38461538461539
2024-08-11,19,-1.3800000000000003,1593.34,1693.34,0.0,47.368421052631575
2024-08-12,23,6.539999999999999,1599.8799999999999,1699.8799999999999,0.0,65.21739130434783
2024-08-13,25,-3.5000000000000004,1596.3799999999999,1696.3799999999999,0.0,44.0
2024-08-14,26,1.4799999999999995,1597.86,1697.86,0.0,53.84615384615385
2024-08-15,31,2.3799999999999994,1600.24,1700.24,0.0,54.83870967741935
2024-08-16,39,2.2199999999999993,1602.46,1702.46,0.0,53.84615384615385
2024-08-17,18,3.6399999999999997,1606.1000000000001,1706.1000000000001,0.0,61.111111111111114
2024-08-18,19,-1.3800000000000003,1604.72,1704.72,0.0,47.368421052631575
2024-08-19,29,-3.5800000000000005,1601.14,1701.14,0.0,44.827586206896555
2024-08-20,27,8.459999999999999,1609.6000000000001,1709.6000000000001,0.0,66.66666666666666
2024-08-21,23,8.54,1618.14,1718.14,0.0,69.56521739130434
2024-08-22,25,10.5,1628.64,1728.64,0.0,72.0
2024-08-23,35,4.299999999999999,1632.94,1732.94,0.0,57.14285714285714
2024-08-24,25,14.5,1647.44,1747.44,0.0,80.0
2024-08-25,24,1.5199999999999996,1648.96,1748.96,0.0,54.166666666666664
2024-08-26,23,2.5399999999999996,1651.5,1751.5,0.0,56.52173913043478
2024-08-27,22,1.5599999999999996,1653.06,1753.06,0.0,54.54545454545454
2024-08-28,25,2.4999999999999996,1655.56,1755.56,0.0,56.00000000000001
2024-08-29,38,-10.760000000000002,1644.8,1744.8,0.0,36.84210526315789
2024-08-30,30,7.3999999999999995,1652.2,1752.2,0.0,63.33333333333333
2024-08-31,25,4.5,1656.7,1756.7,0.0,60.0
2024-09-01,24,5.52,1662.22,1762.22,0.0,62.5
2024-09-02,35,4.299999999999999,1666.52,1766.52,0.0,57.14285714285714
2024-09-03,27,8.459999999999999,1674.98,1774.98,0.0,66.66666666666666
2024-09-04,28,3.4399999999999995,1678.42,1778.42,0.0,57.14285714285714
2024-09-05,37,0.25999999999999934,1678.68,1778.68,0.0,51.35135135135135
2024-09-06,24,-2.4800000000000004,1676.2,1776.2,0.0,45.83333333333333
2024-09-07,44,-0.8800000000000008,1675.32,1775.32,0.0,50.0
2024-09-08,22,5.56,1680.8799999999999,1780.8799999999999,0.0,63.63636363636363
2024-09-09,31,2.3799999999999994,1683.26,1783.26,0.0,54.83870967741935
2024-09-10,18,-2.3600000000000003,1680.9,1780.9,0.0,44.44444444444444
2024-09-11,31,6.379999999999999,1687.2800000000002,1787.2800000000002,0.0,61.29032258064516
2024-09-12,31,-1.6200000000000006,1685.6600000000003,1785.6600000000003,0.0,48.38709677419355
2024-09-13,35,-3.7000000000000006,1681.9600000000003,1781.9600000000003,0.0,45.714285714285715
2024-09-14,37,6.26,1688.2200000000003,1788.2200000000003,0.0,59.45945945945946
2024-09-15,43,2.1399999999999992,1690.3600000000004,1790.3600000000004,0.0,53.48837209302325
2024-09-16,17,-1.3400000000000003,1689.0200000000004,1789.0200000000004,0.0,47.05882352941176
2024-09-17,32,-4.640000000000001,1684.3800000000003,1784.3800000000003,0.0,43.75
2024-09-18,26,-6.5200000000000005,1677.8600000000004,1777.8600000000004,0.0,38.46153846153847
2024-09-19,48,-8.96,1668.9000000000003,1768.9000000000003,0.0,41.66666666666667
2024-09-20,33,4.34,1673.2400000000002,1773.2400000000002,0.0,57.57575757575758
2024-09-21,20,9.6,1682.8400000000001,1782.8400000000001,0.0,75.0
2024-09-22,34,9.32,1692.16,1792.16,0.0,64.70588235294117
2024-09-23,19,4.619999999999999,1696.78,1796.78,0.0,63.1578947368421
2024-09-24,33,4.34,1701.12,1801.12,0.0,57.57575757575758
2024-09-25,33,0.3399999999999994,1701.4599999999998,1801.4599999999998,0.0,51.515151515151516
2024-09-26,32,1.3599999999999994,1702.8199999999997,1802.8199999999997,0.0,53.125
2024-09-27,28,1.4399999999999995,1704.2599999999998,1804.2599999999998,0.0,53.57142857142857
2024-09-28,23,16.54,1720.7999999999997,1820.7999999999997,0.0,86.95652173913044
2024-09-29,30,3.3999999999999995,1724.1999999999998,1824.1999999999998,0.0,56.666666666666664
2024-09-30,17,-1.3400000000000003,1722.86,1822.86,0.0,47.05882352941176
2024-10-01,24,-0.4800000000000004,1722.3799999999999,1822.3799999999999,0.0,50.0
2024-10-02,30,7.3999999999999995,1729.78,1829.78,0.0,63.33333333333333
2024-10-03,27,2.4599999999999995,1732.24,1832.24,0.0,55.55555555555556
2024-10-04,31,8.379999999999999,1740.6200000000001,1840.6200000000001,0.0,64.51612903225806
2024-10-05,28,5.4399999999999995,1746.0600000000002,1846.0600000000002,0.0,60.71428571428571
2024-10-06,19,-1.3800000000000003,1744.68,1844.68,0.0,47.368421052631575
2024-10-07,21,10.58,1755.26,1855.26,0.0,76.19047619047619
2024-10-08,21,4.58,1759.84,1859.84,0.0,61.904761904761905
2024-10-09,31,-7.620000000000001,1752.22,1852.22,0.0,38.70967741935484
2024-10-10,21,-1.4200000000000004,1750.8,1850.8,0.0,47.61904761904761
2024-10-11,53,-6.0600000000000005,1744.74,1844.74,0.0,45.28301886792453
2024-10-12,30,7.3999999999999995,1752.14,1852.14,0.0,63.33333333333333
2024-10-13,26,1.4799999999999995,1753.6200000000001,1853.6200000000001,0.0,53.84615384615385
2024-10-14,26,-2.5200000000000005,1751.1000000000001,1851.1000000000001,0.0,46.15384615384615
2024-10-15,27,8.459999999999999,1759.5600000000002,1859.5600000000002,0.0,66.66666666666666
2024-10-16,21,0.5799999999999996,1760.14,1860.14,0.0,52.38095238095239
2024-10-17,34,11.32,1771.46,1871.46,0.0,67.64705882352942
2024-10-18,24,3.5199999999999996,1774.98,1874.98,0.0,58.333333333333336
2024-10-19,22,3.5599999999999996,1778.54,1878.54,0.0,59.09090909090909
2024-10-20,35,4.299999999999999,1782.84,1882.84,0.0,57.14285714285714
2024-10-21,23,-5.460000000000001,1777.3799999999999,1877.3799999999999,0.0,39.130434782608695
2024-10-22,20,5.6,1782.9799999999998,1882.9799999999998,0.0,65.0
2024-10-23,35,4.299999999999999,1787.2799999999997,1887.2799999999997,0.0,57.14285714285714
2024-10-24,45,6.1,1793.3799999999997,1893.3799999999997,0.0,57.77777777777777
2024-10-25,31,0.37999999999999945,1793.7599999999998,1893.7599999999998,0.0,51.61290322580645
2024-10-26,18,5.64,1799.3999999999999,1899.3999999999999,0.0,66.66666666666666
2024-10-27,17,2.6599999999999997,1802.06,1902.06,0.0,58.82352941176471
2024-10-28,27,0.4599999999999995,1802.52,1902.52,0.0,51.85185185185185
2024-10-29,31,-5.620000000000001,1796.9,1896.9,0.0,41.935483870967744
2024-10-30,14,1.7199999999999998,1798.6200000000001,1898.6200000000001,0.0,57.14285714285714
2024-10-31,25,2.4999999999999996,1801.1200000000001,1901.1200000000001,0.0,56.00000000000001
2024-11-01,25,-1.5000000000000004,1799.6200000000001,1899.6200000000001,0.0,48.0
2024-11-02,16,1.6799999999999997,1801.3000000000002,1901.3000000000002,0.0,56.25
2024-11-03,23,2.5399999999999996,1803.8400000000001,1903.8400000000001,0.0,56.52173913043478
2024-11-04,27,2.4599999999999995,1806.3000000000002,1906.3000000000002,0.0,55.55555555555556
2024-11-05,27,4.459999999999999,1810.7600000000002,1910.7600000000002,0.0,59.25925925925925
2024-11-06,24,3.5199999999999996,1814.2800000000002,1914.2800000000002,0.0,58.333333333333336
2024-11-07,20,-0.40000000000000036,1813.88,1913.88,0.0,50.0
2024-11-08,18,3.6399999999999997,1817.5200000000002,1917.5200000000002,0.0,61.111111111111114
2024-11-09,19,4.619999999999999,1822.14,1922.14,0.0,63.1578947368421
2024-11-10,22,-0.4400000000000004,1821.7,1921.7,0.0,50.0
2024-11-11,25,4.5,1826.2,1926.2,0.0,60.0
2024-11-12,21,-3.4200000000000004,1822.78,1922.78,0.0,42.857142857142854
2024-11-13,14,-0.28000000000000025,1822.5,1922.5,0.0,50.0
2024-11-14,27,4.459999999999999,1826.96,1926.96,0.0,59.25925925925925
2024-11-15,32,5.359999999999999,1832.32,1932.32,0.0,59.375
2024-11-16,25,2.4999999999999996,1834.82,1934.82,0.0,56.00000000000001
2024-11-17,21,8.58,1843.3999999999999,1943.3999999999999,0.0,71.42857142857143
2024-11-18,22,3.5599999999999996,1846.9599999999998,1946.9599999999998,0.0,59.09090909090909
2024-11-19,33,6.34,1853.2999999999997,1953.2999999999997,0.0,60.60606060606061
2024-11-20,35,-3.7000000000000006,1849.5999999999997,1949.5999999999997,0.0,45.714285714285715
2024-11-21,39,0.2199999999999993,1849.8199999999997,1949.8199999999997,0.0,51.28205128205128
2024-11-22,30,9.399999999999999,1859.2199999999998,1959.2199999999998,0.0,66.66666666666666
2024-11-23,23,0.5399999999999996,1859.7599999999998,1959.7599999999998,0.0,52.17391304347826
2024-11-24,27,-1.5400000000000005,1858.2199999999998,1958.2199999999998,0.0,48.148148148148145
2024-11-25,31,-1.6200000000000006,1856.6,1956.6,0.0,48.38709677419355
2024-11-26,32,1.3599999999999994,1857.9599999999998,1957.9599999999998,0.0,53.125
2024-11-27,46,-4.920000000000001,1853.0399999999997,1953.0399999999997,0.0,45.65217391304348
2024-11-28,27,4.459999999999999,1857.4999999999998,1957.4999999999998,0.0,59.25925925925925
2024-11-29,30,5.3999999999999995,1862.8999999999999,1962.8999999999999,0.0,60.0
2024-11-30,34,1.3199999999999994,1864.2199999999998,1964.2199999999998,0.0,52.94117647058824
2024-12-01,32,5.359999999999999,1869.5799999999997,1969.5799999999997,0.0,59.375
2024-12-02,14,-0.28000000000000025,1869.2999999999997,1969.2999999999997,0.0,50.0
2024-12-03,36,-0.7200000000000006,1868.5799999999997,1968.5799999999997,0.0,50.0
2024-12-04,25,-5.5,1863.0799999999997,1963.0799999999997,0.0,40.0
2024-12-05,32,-8.64,1854.4399999999996,1954.4399999999996,0.0,37.5
2024-12-06,24,-4.48,1849.9599999999996,1949.9599999999996,0.0,41.66666666666667
2024-12-07,23,8.54,1858.4999999999995,1958.4999999999995,0.0,69.56521739130434
2024-12-08,25,-3.5000000000000004,1854.9999999999995,1954.9999999999995,0.0,44.0
2024-12-09,32,9.36,1864.3599999999994,1964.3599999999994,0.0,65.625
2024-12-10,25,6.5,1870.8599999999994,1970.8599999999994,0.0,64.0
2024-12-11,60,-5.200000000000001,1865.6599999999994,1965.6599999999994,0.0,46.666666666666664
2024-12-12,22,7.56,1873.2199999999993,1973.2199999999993,0.0,68.18181818181817
2024-12-13,28,5.4399999999999995,1878.6599999999994,1978.6599999999994,0.0,60.71428571428571
2024-12-14,20,-0.40000000000000036,1878.2599999999993,1978.2599999999993,0.0,50.0
2024-12-15,25,-5.5,1872.7599999999993,1972.7599999999993,0.0,40.0
2024-12-16,20,3.5999999999999996,1876.3599999999992,1976.3599999999992,0.0,60.0
2024-12-17,28,1.4399999999999995,1877.7999999999993,1977.7999999999993,0.0,53.57142857142857
2024-12-18,33,-3.6600000000000006,1874.1399999999992,1974.1399999999992,0.0,45.45454545454545
2024-12-19,24,-0.4800000000000004,1873.6599999999992,1973.6599999999992,0.0,50.0
2024-12-20,44,-2.880000000000001,1870.779999999999,1970.779999999999,0.0,47.72727272727273
2024-12-21,24,5.52,1876.299999999999,1976.299999999999,0.0,62.5
2024-12-22,17,-1.3400000000000003,1874.9599999999991,1974.9599999999991,0.0,47.05882352941176
2024-12-23,28,11.44,1886.3999999999992,1986.3999999999992,0.0,71.42857142857143
2024-12-24,25,-1.5000000000000004,1884.8999999999992,1984.8999999999992,0.0,48.0
2024-12-25,20,3.5999999999999996,1888.499999999999,1988.499999999999,0.0,60.0
2024-12-26,23,-5.460000000000001,1883.039999999999,1983.039999999999,0.0,39.130434782608695
2024-12-27,25,0.49999999999999956,1883.539999999999,1983.539999999999,0.0,52.0
2024-12-28,29,6.42,1889.9599999999991,1989.9599999999991,0.0,62.06896551724138
2024-12-29,13,4.74,1894.6999999999991,1994.6999999999991,0.0,69.23076923076923
2024-12-30,11,2.78,1897.479999999999,1997.479999999999,0.0,63.63636363636363
2024-12-31,40,1.1999999999999993,1898.6799999999992,1998.6799999999992,0.0,52.5
2025-01-01,29,4.42,1903.0999999999992,2003.0999999999992,0.0,58.620689655172406
2025-01-02,35,-1.7000000000000006,1901.3999999999992,2001.3999999999992,0.0,48.57142857142857
2025-01-03,31,-3.6200000000000006,1897.7799999999993,1997.7799999999993,0.0,45.16129032258064
2025-01-04,29,4.42,1902.1999999999994,2002.1999999999994,0.0,58.620689655172406
2025-01-05,36,1.2799999999999994,1903.4799999999993,2003.4799999999993,0.0,52.77777777777778
2025-01-06,20,3.5999999999999996,1907.0799999999992,2007.0799999999992,0.0,60.0
2025-01-07,24,-0.4800000000000004,1906.5999999999992,2006.5999999999992,0.0,50.0
2025-01-08,31,6.379999999999999,1912.9799999999993,2012.9799999999993,0.0,61.29032258064516
2025-01-09,26,3.4799999999999995,1916.4599999999994,2016.4599999999994,0.0,57.692307692307686
2025-01-10,35,-1.7000000000000006,1914.7599999999993,2014.7599999999993,0.0,48.57142857142857
2025-01-11,24,1.5199999999999996,1916.2799999999993,2016.2799999999993,0.0,54.166666666666664
2025-01-12,21,-3.4200000000000004,1912.8599999999992,2012.8599999999992,0.0,42.857142857142854
2025-01-13,21,-3.4200000000000004,1909.4399999999991,2009.4399999999991,0.0,42.857142857142854
2025-01-14,36,-2.7200000000000006,1906.7199999999991,2006.7199999999991,0.0,47.22222222222222
2025-01-15,31,8.379999999999999,1915.0999999999992,2015.0999999999992,0.0,64.51612903225806
2025-01-16,19,8.62,1923.7199999999991,2023.7199999999991,0.0,73.68421052631578
2025-01-17,41,-5.82,1917.8999999999992,2017.8999999999992,0.0,43.90243902439025
2025-01-18,26,5.4799999999999995,1923.3799999999992,2023.3799999999992,0.0,61.53846153846154
2025-01-19,28,9.44,1932.8199999999993,2032.8199999999993,0.0,67.85714285714286
2025-01-20,16,5.68,1938.4999999999993,2038.4999999999993,0.0,68.75
2025-01-21,36,-2.7200000000000006,1935.7799999999993,2035.7799999999993,0.0,47.22222222222222
2025-01-22,23,10.54,1946.3199999999993,2046.3199999999993,0.0,73.91304347826086
2025-01-23,35,2.2999999999999994,1948.6199999999992,2048.619999999999,0.0,54.285714285714285
2025-01-24,43,10.139999999999999,1958.7599999999993,2058.7599999999993,0.0,62.7906976744186
2025-01-25,40,9.2,1967.9599999999994,2067.959999999999,0.0,62.5
2025-01-26,25,2.4999999999999996,1970.4599999999994,2070.459999999999,0.0,56.00000000000001
2025-01-27,18,-0.3600000000000003,1970.0999999999995,2070.0999999999995,0.0,50.0
2025-01-28,30,1.3999999999999995,1971.4999999999995,2071.4999999999995,0.0,53.333333333333336
2025-01-29,40,5.199999999999999,1976.6999999999996,2076.7,0.0,57.49999999999999
2025-01-30,30,5.3999999999999995,1982.0999999999997,2082.0999999999995,0.0,60.0
2025-01-31,35,6.299999999999999,1988.3999999999996,2088.3999999999996,0.0,60.0
2025-02-01,26,5.4799999999999995,1993.8799999999997,2093.8799999999997,0.0,61.53846153846154
2025-02-02,14,-4.28,1989.5999999999997,2089.5999999999995,0.0,35.714285714285715
2025-02-03,33,-1.6600000000000006,1987.9399999999996,2087.9399999999996,0.0,48.484848484848484
2025-02-04,32,-0.6400000000000006,1987.2999999999995,2087.2999999999993,0.0,50.0
2025-02-05,21,4.58,1991.8799999999994,2091.879999999999,0.0,61.904761904761905
2025-02-06,37,-1.7400000000000007,1990.1399999999994,2090.1399999999994,0.0,48.64864864864865
2025-02-07,39,2.2199999999999993,1992.3599999999994,2092.3599999999997,0.0,53.84615384615385
2025-02-08,25,6.5,1998.8599999999994,2098.8599999999997,0.0,64.0
2025-02-09,30,-0.6000000000000005,1998.2599999999995,2098.2599999999993,0.0,50.0
2025-02-10,33,2.3399999999999994,2000.5999999999995,2100.5999999999995,0.0,54.54545454545454
2025-02-11,25,-7.5,1993.0999999999995,2093.0999999999995,0.0,36.0
2025-02-12,32,5.359999999999999,1998.4599999999994,2098.459999999999,0.0,59.375
2025-02-13,43,2.1399999999999992,2000.5999999999995,2100.5999999999995,0.0,53.48837209302325
2025-02-14,26,11.48,2012.0799999999995,2112.0799999999995,0.0,73.07692307692307
2025-02-15,13,2.7399999999999998,2014.8199999999995,2114.8199999999997,0.0,61.53846153846154
2025-02-16,21,0.5799999999999996,2015.3999999999994,2115.3999999999996,0.0,52.38095238095239
2025-02-17,15,0.6999999999999997,2016.0999999999995,2116.0999999999995,0.0,53.333333333333336
2025-02-18,33,-1.6600000000000006,2014.4399999999994,2114.4399999999996,0.0,48.484848484848484
2025-02-19,39,0.2199999999999993,2014.6599999999994,2114.6599999999994,0.0,51.28205128205128
2025-02-20,45,4.1,2018.7599999999993,2118.7599999999993,0.0,55.55555555555556
2025-02-21,25,8.5,2027.2599999999993,2127.2599999999993,0.0,68.0
2025-02-22,18,3.6399999999999997,2030.8999999999994,2130.8999999999996,0.0,61.111111111111114
2025-02-23,27,0.4599999999999995,2031.3599999999994,2131.3599999999997,0.0,51.85185185185185
2025-02-24,16,-2.3200000000000003,2029.0399999999995,2129.0399999999995,0.0,43.75
2025-02-25,21,-1.4200000000000004,2027.6199999999994,2127.6199999999994,0.0,47.61904761904761
2025-02-26,21,2.5799999999999996,2030.1999999999994,2130.1999999999994,0.0,57.14285714285714
2025-02-27,37,4.26,2034.4599999999994,2134.459999999999,0.0,56.75675675675676
2025-02-28,29,-5.58,2028.8799999999994,2128.879999999999,0.0,41.37931034482759
2025-03-01,40,5.199999999999999,2034.0799999999995,2134.0799999999995,0.0,57.49999999999999
2025-03-02,31,0.37999999999999945,2034.4599999999996,2134.4599999999996,0.0,51.61290322580645
2025-03-03,30,9.399999999999999,2043.8599999999997,2143.8599999999997,0.0,66.66666666666666
2025-03-04,45,-1.9000000000000008,2041.9599999999996,2141.9599999999996,0.0,48.888888888888886
2025-03-05,40,7.199999999999999,2049.1599999999994,2149.1599999999994,0.0,60.0
2025-03-06,35,2.2999999999999994,2051.4599999999996,2151.4599999999996,0.0,54.285714285714285
2025-03-07,31,8.379999999999999,2059.8399999999997,2159.8399999999997,0.0,64.51612903225806
2025-03-08,16,9.68,2069.5199999999995,2169.5199999999995,0.0,81.25
2025-03-09,19,4.619999999999999,2074.1399999999994,2174.1399999999994,0.0,63.1578947368421
2025-03-10,16,7.68,2081.8199999999993,2181.8199999999993,0.0,75.0
2025-03-11,45,-7.9,2073.919999999999,2173.919999999999,0.0,42.22222222222222
2025-03-12,43,4.139999999999999,2078.059999999999,2178.059999999999,0.0,55.81395348837209
2025-03-13,43,0.13999999999999924,2078.199999999999,2178.199999999999,0.0,51.162790697674424
2025-03-14,42,-0.8400000000000007,2077.3599999999988,2177.3599999999988,0.0,50.0
2025-03-15,23,4.539999999999999,2081.8999999999987,2181.8999999999987,0.0,60.86956521739131
2025-03-16,24,7.52,2089.4199999999987,2189.4199999999987,0.0,66.66666666666666
2025-03-17,29,10.42,2099.839999999999,2199.839999999999,0.0,68.96551724137932
2025-03-18,47,-11.940000000000001,2087.8999999999987,2187.8999999999987,0.0,38.297872340425535
2025-03-19,48,-8.96,2078.9399999999987,2178.9399999999987,0.0,41.66666666666667
2025-03-20,25,6.5,2085.4399999999987,2185.4399999999987,0.0,64.0
2025-03-21,16,3.6799999999999997,2089.1199999999985,2189.1199999999985,0.0,62.5
2025-03-22,23,8.54,2097.6599999999985,2197.6599999999985,0.0,69.56521739130434
2025-03-23,26,-10.52,2087.1399999999985,2187.1399999999985,0.0,30.76923076923077
2025-03-24,30,1.3999999999999995,2088.5399999999986,2188.5399999999986,0.0,53.333333333333336
2025-03-25,40,1.1999999999999993,2089.7399999999984,2189.7399999999984,0.0,52.5
2025-03-26,27,0.4599999999999995,2090.1999999999985,2190.1999999999985,0.0,51.85185185185185
2025-03-27,28,-6.5600000000000005,2083.6399999999985,2183.6399999999985,0.0,39.285714285714285
2025-03-28,37,-5.74,2077.8999999999987,2177.8999999999987,0.0,43.24324324324324
2025-03-29,31,-3.6200000000000006,2074.279999999999,2174.279999999999,0.0,45.16129032258064
2025-03-30,36,11.28,2085.559999999999,2185.559999999999,0.0,66.66666666666666
2025-03-31,27,10.459999999999999,2096.019999999999,2196.019999999999,0.0,70.37037037037037
2025-04-01,35,4.299999999999999,2100.3199999999993,2200.3199999999993,0.0,57.14285714285714
2025-04-02,22,1.5599999999999996,2101.879999999999,2201.879999999999,0.0,54.54545454545454
2025-04-03,37,10.26,2112.1399999999994,2212.1399999999994,0.0,64.86486486486487
2025-04-04,26,-2.5200000000000005,2109.6199999999994,2209.6199999999994,0.0,46.15384615384615
2025-04-05,26,1.4799999999999995,2111.0999999999995,2211.0999999999995,0.0,53.84615384615385
2025-04-06,28,-2.5600000000000005,2108.5399999999995,2208.5399999999995,0.0,46.42857142857143
2025-04-07,25,0.49999999999999956,2109.0399999999995,2209.0399999999995,0.0,52.0
2025-04-08,38,-4.760000000000001,2104.2799999999993,2204.2799999999993,0.0,44.73684210526316
2025-04-09,32,1.3599999999999994,2105.6399999999994,2205.6399999999994,0.0,53.125
2025-04-10,19,0.6199999999999997,2106.2599999999993,2206.2599999999993,0.0,52.63157894736842
2025-04-11,49,0.01999999999999913,2106.2799999999993,2206.2799999999993,0.0,51.02040816326531
2025-04-12,34,-10.68,2095.5999999999995,2195.5999999999995,0.0,35.294117647058826
2025-04-13,27,6.459999999999999,2102.0599999999995,2202.0599999999995,0.0,62.96296296296296
2025-04-14,14,5.72,2107.7799999999993,2207.7799999999993,0.0,71.42857142857143
2025-04-15,50,0.9999999999999991,2108.7799999999993,2208.7799999999993,0.0,52.0
2025-04-16,18,1.6399999999999997,2110.419999999999,2210.419999999999,0.0,55.55555555555556
2025-04-17,26,1.4799999999999995,2111.899999999999,2211.899999999999,0.0,53.84615384615385
2025-04-18,18,5.64,2117.539999999999,2217.539999999999,0.0,66.66666666666666
2025-04-19,29,0.4199999999999995,2117.959999999999,2217.959999999999,0.0,51.724137931034484
2025-04-20,25,-15.5,2102.459999999999,2202.459999999999,0.0,20.0
2025-04-21,21,4.58,2107.039999999999,2207.039999999999,0.0,61.904761904761905
2025-04-22,41,0.17999999999999927,2107.219999999999,2207.219999999999,0.0,51.21951219512195
2025-04-23,32,7.359999999999999,2114.579999999999,2214.579999999999,0.0,62.5
2025-04-24,37,4.26,2118.8399999999992,2218.8399999999992,0.0,56.75675675675676
2025-04-25,16,5.68,2124.519999999999,2224.519999999999,0.0,68.75
2025-04-26,24,-0.4800000000000004,2124.039999999999,2224.039999999999,0.0,50.0
2025-04-27,39,-5.780000000000001,2118.259999999999,2218.259999999999,0.0,43.58974358974359
2025-04-28,24,-6.48,2111.779999999999,2211.779999999999,0.0,37.5
2025-04-29,32,5.359999999999999,2117.139999999999,2217.139999999999,0.0,59.375
2025-04-30,18,5.64,2122.779999999999,2222.779999999999,0.0,66.66666666666666
2025-05-01,36,-6.720000000000001,2116.059999999999,2216.059999999999,0.0,41.66666666666667
2025-05-02,26,9.48,2125.539999999999,2225.539999999999,0.0,69.23076923076923
2025-05-03,40,5.199999999999999,2130.739999999999,2230.739999999999,0.0,57.49999999999999
2025-05-04,28,-2.5600000000000005,2128.179999999999,2228.179999999999,0.0,46.42857142857143
2025-05-05,20,1.5999999999999996,2129.779999999999,2229.779999999999,0.0,55.00000000000001
2025-05-06,27,-3.5400000000000005,2126.239999999999,2226.239999999999,0.0,44.44444444444444
2025-05-07,28,5.4399999999999995,2131.679999999999,2231.679999999999,0.0,60.71428571428571
2025-05-08,36,-10.72,2120.959999999999,2220.959999999999,0.0,36.11111111111111
2025-05-09,20,7.6,2128.559999999999,2228.559999999999,0.0,70.0
2025-05-10,24,3.5199999999999996,2132.079999999999,2232.079999999999,0.0,58.333333333333336
2025-05-11,28,7.4399999999999995,2139.519999999999,2239.519999999999,0.0,64.28571428571429
2025-05-12,22,3.5599999999999996,2143.079999999999,2243.079999999999,0.0,59.09090909090909
2025-05-13,36,9.28,2152.359999999999,2252.359999999999,0.0,63.888888888888886
2025-05-14,23,0.5399999999999996,2152.899999999999,2252.899999999999,0.0,52.17391304347826
2025-05-15,36,-6.720000000000001,2146.1799999999994,2246.1799999999994,0.0,41.66666666666667
2025-05-16,22,3.5599999999999996,2149.7399999999993,2249.7399999999993,0.0,59.09090909090909
2025-05-17,24,5.52,2155.2599999999993,2255.2599999999993,0.0,62.5
2025-05-18,26,5.4799999999999995,2160.7399999999993,2260.7399999999993,0.0,61.53846153846154
2025-05-19,46,1.0799999999999992,2161.8199999999993,2261.8199999999993,0.0,52.17391304347826
2025-05-20,32,5.359999999999999,2167.1799999999994,2267.1799999999994,0.0,59.375
2025-05-21,27,-3.5400000000000005,2163.6399999999994,2263.6399999999994,0.0,44.44444444444444
2025-05-22,31,-3.6200000000000006,2160.0199999999995,2260.0199999999995,0.0,45.16129032258064
2025-05-23,27,6.459999999999999,2166.4799999999996,2266.4799999999996,0.0,62.96296296296296
2025-05-24,26,3.4799999999999995,2169.9599999999996,2269.9599999999996,0.0,57.692307692307686
2025-05-25,22,-0.4400000000000004,2169.5199999999995,2269.5199999999995,0.0,50.0
2025-05-26,31,4.379999999999999,2173.8999999999996,2273.8999999999996,0.0,58.06451612903226
2025-05-27,34,5.319999999999999,2179.22,2279.22,0.0,58.82352941176471
2025-05-28,19,4.619999999999999,2183.8399999999997,2283.8399999999997,0.0,63.1578947368421
2025-05-29,24,7.52,2191.3599999999997,2291.3599999999997,0.0,66.66666666666666
2025-05-30,24,1.5199999999999996,2192.8799999999997,2292.8799999999997,0.0,54.166666666666664
2025-05-31,40,1.1999999999999993,2194.0799999999995,2294.0799999999995,0.0,52.5
2025-06-01,27,0.4599999999999995,2194.5399999999995,2294.5399999999995,0.0,51.85185185185185
2025-06-02,34,-2.6800000000000006,2191.8599999999997,2291.8599999999997,0.0,47.05882352941176
2025-06-03,30,11.399999999999999,2203.2599999999998,2303.2599999999998,0.0,70.0
2025-06-04,35,2.2999999999999994,2205.56,2305.56,0.0,54.285714285714285
2025-06-05,23,2.5399999999999996,2208.1,2308.1,0.0,56.52173913043478
2025-06-06,44,-8.88,2199.22,2299.22,0.0,40.909090909090914
2025-06-07,39,-3.7800000000000007,2195.4399999999996,2295.4399999999996,0.0,46.15384615384615
2025-06-08,31,0.37999999999999945,2195.8199999999997,2295.8199999999997,0.0,51.61290322580645
2025-06-09,24,-2.4800000000000004,2193.3399999999997,2293.3399999999997,0.0,45.83333333333333
2025-06-10,26,7.4799999999999995,2200.8199999999997,2300.8199999999997,0.0,65.38461538461539
2025-06-11,24,3.5199999999999996,2204.3399999999997,2304.3399999999997,0.0,58.333333333333336
2025-06-12,39,-1.7800000000000007,2202.5599999999995,2302.5599999999995,0.0,48.717948717948715
2025-06-13,22,1.5599999999999996,2204.1199999999994,2304.1199999999994,0.0,54.54545454545454
2025-06-14,32,1.3599999999999994,2205.4799999999996,2305.4799999999996,0.0,53.125
2025-06-15,33,4.34,2209.8199999999997,2309.8199999999997,0.0,57.57575757575758
2025-06-16,31,-5.620000000000001,2204.2,2304.2,0.0,41.935483870967744
2025-06-17,32,-8.64,2195.56,2295.56,0.0,37.5
2025-06-18,32,1.3599999999999994,2196.92,2296.92,0.0,53.125
2025-06-19,15,6.699999999999999,2203.62,2303.62,0.0,73.33333333333333
2025-06-20,27,-3.5400000000000005,2200.08,2300.08,0.0,44.44444444444444
2025-06-21,26,-6.5200000000000005,2193.56,2293.56,0.0,38.46153846153847
2025-06-22,23,2.5399999999999996,2196.1,2296.1,0.0,56.52173913043478
2025-06-23,51,9.979999999999999,2206.08,2306.08,0.0,60.78431372549019
2025-06-24,28,5.4399999999999995,2211.52,2311.52,0.0,60.71428571428571
2025-06-25,35,4.299999999999999,2215.82,2315.82,0.0,57.14285714285714
2025-06-26,37,4.26,2220.0800000000004,2320.0800000000004,0.0,56.75675675675676
2025-06-27,28,9.44,2229.5200000000004,2329.5200000000004,0.0,67.85714285714286
2025-06-28,26,9.48,2239.0000000000005,2339.0000000000005,0.0,69.23076923076923
2025-06-29,22,3.5599999999999996,2242.5600000000004,2342.5600000000004,0.0,59.09090909090909
2025-06-30,28,5.4399999999999995,2248.0000000000005,2348.0000000000005,0.0,60.71428571428571
2025-07-01,37,2.2599999999999993,2250.2600000000007,2350.2600000000007,0.0,54.054054054054056
2025-07-02,34,-2.6800000000000006,2247.580000000001,2347.580000000001,0.0,47.05882352941176
2025-07-03,23,2.5399999999999996,2250.120000000001,2350.120000000001,0.0,56.52173913043478
2025-07-04,40,1.1999999999999993,2251.3200000000006,2351.3200000000006,0.0,52.5
2025-07-05,14,5.72,2257.0400000000004,2357.0400000000004,0.0,71.42857142857143
2025-07-06,16,3.6799999999999997,2260.7200000000003,2360.7200000000003,0.0,62.5
2025-07-07,23,2.5399999999999996,2263.26,2363.26,0.0,56.52173913043478
2025-07-08,30,-0.6000000000000005,2262.6600000000003,2362.6600000000003,0.0,50.0
2025-07-09,26,-4.5200000000000005,2258.1400000000003,2358.1400000000003,0.0,42.30769230769231
2025-07-10,21,2.5799999999999996,2260.7200000000003,2360.7200000000003,0.0,57.14285714285714
2025-07-11,35,-13.700000000000001,2247.0200000000004,2347.0200000000004,0.0,31.428571428571427
2025-07-12,23,4.539999999999999,2251.5600000000004,2351.5600000000004,0.0,60.86956521739131
2025-07-13,28,3.4399999999999995,2255.0000000000005,2355.0000000000005,0.0,57.14285714285714
2025-07-14,12,-0.2400000000000002,2254.7600000000007,2354.7600000000007,0.0,50.0
2025-07-15,34,-8.68,2246.080000000001,2346.080000000001,0.0,38.23529411764706
2025-07-16,35,2.2999999999999994,2248.380000000001,2348.380000000001,0.0,54.285714285714285
2025-07-17,31,4.379999999999999,2252.760000000001,2352.760000000001,0.0,58.06451612903226
2025-07-18,34,1.3199999999999994,2254.0800000000013,2354.0800000000013,0.0,52.94117647058824
2025-07-19,22,-0.4400000000000004,2253.6400000000012,2353.6400000000012,0.0,50.0
2025-07-20,18,1.6399999999999997,2255.280000000001,2355.280000000001,0.0,55.55555555555556
2025-07-21,33,2.3399999999999994,2257.6200000000013,2357.6200000000013,0.0,54.54545454545454
2025-07-22,40,3.1999999999999993,2260.820000000001,2360.820000000001,0.0,55.00000000000001
2025-07-23,38,3.2399999999999993,2264.060000000001,2364.060000000001,0.0,55.26315789473685
2025-07-24,39,4.219999999999999,2268.2800000000007,2368.2800000000007,0.0,56.41025641025641
2025-07-25,37,-7.74,2260.540000000001,2360.540000000001,0.0,40.54054054054054
2025-07-26,28,5.4399999999999995,2265.980000000001,2365.980000000001,0.0,60.71428571428571
2025-07-27,30,-2.6000000000000005,2263.380000000001,2363.380000000001,0.0,46.666666666666664
2025-07-28,31,4.379999999999999,2267.760000000001,2367.760000000001,0.0,58.06451612903226
2025-07-29,32,1.3599999999999994,2269.1200000000013,2369.1200000000013,0.0,53.125
2025-07-30,22,3.5599999999999996,2272.680000000001,2372.680000000001,0.0,59.09090909090909
2025-07-31,42,-4.840000000000001,2267.840000000001,2367.840000000001,0.0,45.23809523809524
2025-08-01,33,0.3399999999999994,2268.180000000001,2368.180000000001,0.0,51.515151515151516
2025-08-02,22,-0.4400000000000004,2267.740000000001,2367.740000000001,0.0,50.0
2025-08-03,39,6.219999999999999,2273.960000000001,2373.960000000001,0.0,58.97435897435898
2025-08-04,18,9.64,2283.600000000001,2383.600000000001,0.0,77.77777777777779
2025-08-05,29,-3.5800000000000005,2280.020000000001,2380.020000000001,0.0,44.827586206896555
2025-08-06,31,8.379999999999999,2288.400000000001,2388.400000000001,0.0,64.51612903225806
2025-08-07,45,0.0999999999999992,2288.500000000001,2388.500000000001,0.0,51.11111111111111
2025-08-08,32,7.359999999999999,2295.860000000001,2395.860000000001,0.0,62.5
2025-08-09,36,9.28,2305.1400000000012,2405.1400000000012,0.0,63.888888888888886
2025-08-10,33,-3.6600000000000006,2301.4800000000014,2401.4800000000014,0.0,45.45454545454545
2025-08-11,32,-6.640000000000001,2294.8400000000015,2394.8400000000015,0.0,40.625
2025-08-12,25,4.5,2299.3400000000015,2399.3400000000015,0.0,60.0
2025-08-13,45,-5.9,2293.4400000000014,2393.4400000000014,0.0,44.44444444444444
2025-08-14,35,-5.700000000000001,2287.7400000000016,2387.7400000000016,0.0,42.857142857142854
2025-08-15,29,-9.58,2278.1600000000017,2378.1600000000017,0.0,34.48275862068966
2025-08-16,25,2.4999999999999996,2280.6600000000017,2380.6600000000017,0.0,56.00000000000001
2025-08-17,39,10.219999999999999,2290.8800000000015,2390.8800000000015,0.0,64.1025641025641
2025-08-18,24,-0.4800000000000004,2290.4000000000015,2390.4000000000015,0.0,50.0
2025-08-19,37,6.26,2296.6600000000017,2396.6600000000017,0.0,59.45945945945946
2025-08-20,24,11.52,2308.1800000000017,2408.1800000000017,0.0,75.0
2025-08-21,33,8.34,2316.520000000002,2416.520000000002,0.0,63.63636363636363
2025-08-22,29,-1.5800000000000005,2314.940000000002,2414.940000000002,0.0,48.275862068965516
2025-08-23,39,0.2199999999999993,2315.1600000000017,2415.1600000000017,0.0,51.28205128205128
2025-08-24,33,-1.6600000000000006,2313.500000000002,2413.500000000002,0.0,48.484848484848484
2025-08-25,38,-8.760000000000002,2304.7400000000016,2404.7400000000016,0.0,39.473684210526315
2025-08-26,28,3.4399999999999995,2308.1800000000017,2408.1800000000017,0.0,57.14285714285714
2025-08-27,21,2.5799999999999996,2310.7600000000016,2410.7600000000016,0.0,57.14285714285714
2025-08-28,38,11.239999999999998,2322.0000000000014,2422.0000000000014,0.0,65.78947368421053
2025-08-29,38,3.2399999999999993,2325.240000000001,2425.240000000001,0.0,55.26315789473685
2025-08-30,22,7.56,2332.800000000001,2432.800000000001,0.0,68.18181818181817
2025-08-31,35,-3.7000000000000006,2329.1000000000013,2429.1000000000013,0.0,45.714285714285715
2025-09-01,14,5.72,2334.820000000001,2434.820000000001,0.0,71.42857142857143
2025-09-02,39,2.2199999999999993,2337.040000000001,2437.040000000001,0.0,53.84615384615385
2025-09-03,20,3.5999999999999996,2340.640000000001,2440.640000000001,0.0,60.0
2025-09-04,31,2.3799999999999994,2343.020000000001,2443.020000000001,0.0,54.83870967741935
2025-09-05,39,0.2199999999999993,2343.2400000000007,2443.2400000000007,0.0,51.28205128205128
2025-09-06,27,4.459999999999999,2347.7000000000007,2447.7000000000007,0.0,59.25925925925925
2025-09-07,28,9.44,2357.140000000001,2457.140000000001,0.0,67.85714285714286
2025-09-08,18,1.6399999999999997,2358.7800000000007,2458.7800000000007,0.0,55.55555555555556
2025-09-09,26,3.4799999999999995,2362.2600000000007,2462.2600000000007,0.0,57.692307692307686
2025-09-10,30,-0.6000000000000005,2361.6600000000008,2461.6600000000008,0.0,50.0
2025-09-11,22,3.5599999999999996,2365.2200000000007,2465.2200000000007,0.0,59.09090909090909
2025-09-12,30,-4.6000000000000005,2360.620000000001,2460.620000000001,0.0,43.333333333333336
2025-09-13,27,6.459999999999999,2367.080000000001,2467.080000000001,0.0,62.96296296296296
2025-09-14,28,-0.5600000000000005,2366.520000000001,2466.520000000001,0.0,50.0
2025-09-15,18,1.6399999999999997,2368.1600000000008,2468.1600000000008,0.0,55.55555555555556
2025-09-16,33,4.34,2372.500000000001,2472.500000000001,0.0,57.57575757575758
2025-09-17,39,2.2199999999999993,2374.7200000000007,2474.7200000000007,0.0,53.84615384615385
2025-09-18,31,0.37999999999999945,2375.100000000001,2475.100000000001,0.0,51.61290322580645
2025-09-19,35,4.299999999999999,2379.400000000001,2479.400000000001,0.0,57.14285714285714
2025-09-20,26,9.48,2388.880000000001,2488.880000000001,0.0,69.23076923076923
2025-09-21,23,8.54,2397.420000000001,2497.420000000001,0.0,69.56521739130434
2025-09-22,15,4.699999999999999,2402.120000000001,2502.120000000001,0.0,66.66666666666666
2025-09-23,28,3.4399999999999995,2405.560000000001,2505.560000000001,0.0,57.14285714285714
2025-09-24,34,3.3199999999999994,2408.880000000001,2508.880000000001,0.0,55.88235294117647
2025-09-25,29,8.42,2417.300000000001,2517.300000000001,0.0,65.51724137931035
2025-09-26,11,-1.2200000000000002,2416.0800000000013,2516.0800000000013,0.0,45.45454545454545
2025-09-27,16,3.6799999999999997,2419.760000000001,2519.760000000001,0.0,62.5
2025-09-28,20,5.6,2425.360000000001,2525.360000000001,0.0,65.0
2025-09-29,29,-1.5800000000000005,2423.780000000001,2523.780000000001,0.0,48.275862068965516
2025-09-30,39,8.219999999999999,2432.000000000001,2532.000000000001,0.0,61.53846153846154
2025-10-01,42,1.1599999999999993,2433.1600000000008,2533.1600000000008,0.0,52.38095238095239
2025-10-02,31,-1.6200000000000006,2431.540000000001,2531.540000000001,0.0,48.38709677419355
2025-10-03,24,-2.4800000000000004,2429.060000000001,2529.060000000001,0.0,45.83333333333333
2025-10-04,40,3.1999999999999993,2432.2600000000007,2532.2600000000007,0.0,55.00000000000001
2025-10-05,26,-4.5200000000000005,2427.7400000000007,2527.7400000000007,0.0,42.30769230769231
2025-10-06,29,4.42,2432.1600000000008,2532.1600000000008,0.0,58.620689655172406
2025-10-07,29,2.4199999999999995,2434.580000000001,2534.580000000001,0.0,55.172413793103445
2025-10-08,28,5.4399999999999995,2440.020000000001,2540.020000000001,0.0,60.71428571428571
2025-10-09,31,-5.620000000000001,2434.400000000001,2534.400000000001,0.0,41.935483870967744
2025-10-10,18,1.6399999999999997,2436.040000000001,2536.040000000001,0.0,55.55555555555556
2025-10-11,19,-3.3800000000000003,2432.6600000000008,2532.6600000000008,0.0,42.10526315789473
2025-10-12,40,5.199999999999999,2437.8600000000006,2537.8600000000006,0.0,57.49999999999999
2025-10-13,34,13.32,2451.1800000000007,2551.1800000000007,0.0,70.58823529411765
2025-10-14,48,-14.96,2436.2200000000007,2536.2200000000007,0.0,35.41666666666667
2025-10-15,30,3.3999999999999995,2439.620000000001,2539.620000000001,0.0,56.666666666666664
2025-10-16,29,10.42,2450.040000000001,2550.040000000001,0.0,68.96551724137932
2025-10-17,37,2.2599999999999993,2452.300000000001,2552.300000000001,0.0,54.054054054054056
2025-10-18,13,12.74,2465.040000000001,2565.040000000001,0.0,100.0
2025-10-19,23,-3.4600000000000004,2461.580000000001,2561.580000000001,0.0,43.47826086956522
2025-10-20,29,2.4199999999999995,2464.000000000001,2564.000000000001,0.0,55.172413793103445
2025-10-21,36,1.2799999999999994,2465.280000000001,2565.280000000001,0.0,52.77777777777778
2025-10-22,29,8.42,2473.700000000001,2573.700000000001,0.0,65.51724137931035
2025-10-23,36,3.2799999999999994,2476.9800000000014,2576.9800000000014,0.0,55.55555555555556
2025-10-24,29,6.42,2483.4000000000015,2583.4000000000015,0.0,62.06896551724138
2025-10-25,28,1.4399999999999995,2484.8400000000015,2584.8400000000015,0.0,53.57142857142857
2025-10-26,15,8.7,2493.5400000000013,2593.5400000000013,0.0,80.0
2025-10-27,39,-3.7800000000000007,2489.760000000001,2589.760000000001,0.0,46.15384615384615
2025-10-28,37,0.25999999999999934,2490.0200000000013,2590.0200000000013,0.0,51.35135135135135
2025-10-29,29,0.4199999999999995,2490.4400000000014,2590.4400000000014,0.0,51.724137931034484
2025-10-30,36,-0.7200000000000006,2489.7200000000016,2589.7200000000016,0.0,50.0
2025-10-31,34,13.32,2503.040000000002,2603.040000000002,0.0,70.58823529411765
2025-11-01,24,11.52,2514.5600000000018,2614.5600000000018,0.0,75.0
2025-11-02,17,6.66,2521.2200000000016,2621.2200000000016,0.0,70.58823529411765
2025-11-03,16,9.68,2530.9000000000015,2630.9000000000015,0.0,81.25
2025-11-04,21,0.5799999999999996,2531.4800000000014,2631.4800000000014,0.0,52.38095238095239
2025-11-05,37,-9.74,2521.7400000000016,2621.7400000000016,0.0,37.83783783783784
2025-11-06,27,4.459999999999999,2526.2000000000016,2626.2000000000016,0.0,59.25925925925925
2025-11-07,42,1.1599999999999993,2527.3600000000015,2627.3600000000015,0.0,52.38095238095239
2025-11-08,30,3.3999999999999995,2530.7600000000016,2630.7600000000016,0.0,56.666666666666664
2025-11-09,22,1.5599999999999996,2532.3200000000015,2632.3200000000015,0.0,54.54545454545454
2025-11-10,23,4.539999999999999,2536.8600000000015,2636.8600000000015,0.0,60.86956521739131
2025-11-11,43,-11.860000000000001,2525.0000000000014,2625.0000000000014,0.0,37.2093023255814
2025-11-12,30,7.3999999999999995,2532.4000000000015,2632.4000000000015,0.0,63.33333333333333
2025-11-13,25,-7.5,2524.9000000000015,2624.9000000000015,0.0,36.0
2025-11-14,37,4.26,2529.1600000000017,2629.1600000000017,0.0,56.75675675675676
2025-11-15,22,1.5599999999999996,2530.7200000000016,2630.7200000000016,0.0,54.54545454545454
2025-11-16,27,4.459999999999999,2535.1800000000017,2635.1800000000017,0.0,59.25925925925925
2025-11-17,46,5.079999999999999,2540.2600000000016,2640.2600000000016,0.0,56.52173913043478
2025-11-18,24,1.5199999999999996,2541.7800000000016,2641.7800000000016,0.0,54.166666666666664
2025-11-19,27,2.4599999999999995,2544.2400000000016,2644.2400000000016,0.0,55.55555555555556
2025-11-20,31,0.37999999999999945,2544.6200000000017,2644.6200000000017,0.0,51.61290322580645
2025-11-21,27,-1.5400000000000005,2543.0800000000017,2643.0800000000017,0.0,48.148148148148145
2025-11-22,23,6.539999999999999,2549.6200000000017,2649.6200000000017,0.0,65.21739130434783
2025-11-23,32,11.36,2560.980000000002,2660.980000000002,0.0,68.75
2025-11-24,30,3.3999999999999995,2564.380000000002,2664.380000000002,0.0,56.666666666666664
2025-11-25,23,4.539999999999999,2568.920000000002,2668.920000000002,0.0,60.86956521739131
2025-11-26,35,0.2999999999999994,2569.220000000002,2669.220000000002,0.0,51.42857142857142
2025-11-27,45,-5.9,2563.320000000002,2663.320000000002,0.0,44.44444444444444
2025-11-28,25,4.5,2567.820000000002,2667.820000000002,0.0,60.0
2025-11-29,24,3.5199999999999996,2571.340000000002,2671.340000000002,0.0,58.333333333333336
2025-11-30,19,6.619999999999999,2577.960000000002,2677.960000000002,0.0,68.42105263157895
2025-12-01,20,-2.4000000000000004,2575.5600000000018,2675.5600000000018,0.0,45.0
2025-12-02,40,-0.8000000000000007,2574.7600000000016,2674.7600000000016,0.0,50.0
2025-12-03,30,5.3999999999999995,2580.1600000000017,2680.1600000000017,0.0,60.0
2025-12-04,17,8.66,2588.8200000000015,2688.8200000000015,0.0,76.47058823529412
2025-12-05,24,-2.4800000000000004,2586.3400000000015,2686.3400000000015,0.0,45.83333333333333
2025-12-06,22,7.56,2593.9000000000015,2693.9000000000015,0.0,68.18181818181817
2025-12-07,25,6.5,2600.4000000000015,2700.4000000000015,0.0,64.0
2025-12-08,38,-4.760000000000001,2595.6400000000012,2695.6400000000012,0.0,44.73684210526316
2025-12-09,24,5.52,2601.160000000001,2701.160000000001,0.0,62.5
2025-12-10,27,0.4599999999999995,2601.6200000000013,2701.6200000000013,0.0,51.85185185185185
2025-12-11,36,-6.720000000000001,2594.9000000000015,2694.9000000000015,0.0,41.66666666666667
2025-12-12,21,6.58,2601.4800000000014,2701.4800000000014,0.0,66.66666666666666
2025-12-13,19,4.619999999999999,2606.1000000000013,2706.1000000000013,0.0,63.1578947368421
2025-12-14,25,-7.5,2598.6000000000013,2698.6000000000013,0.0,36.0
2025-12-15,33,0.3399999999999994,2598.9400000000014,2698.9400000000014,0.0,51.515151515151516
2025-12-16,31,8.379999999999999,2607.3200000000015,2707.3200000000015,0.0,64.51612903225806
2025-12-17,31,8.379999999999999,2615.7000000000016,2715.7000000000016,0.0,64.51612903225806
2025-12-18,24,5.52,2621.2200000000016,2721.2200000000016,0.0,62.5
2025-12-19,37,4.26,2625.480000000002,2725.480000000002,0.0,56.75675675675676
2025-12-20,11,6.779999999999999,2632.260000000002,2732.260000000002,0.0,81.81818181818183
2025-12-21,14,1.7199999999999998,2633.980000000002,2733.980000000002,0.0,57.14285714285714
2025-12-22,40,-4.800000000000001,2629.1800000000017,2729.1800000000017,0.0,45.0
2025-12-23,29,10.42,2639.6000000000017,2739.6000000000017,0.0,68.96551724137932
2025-12-24,39,0.2199999999999993,2639.8200000000015,2739.8200000000015,0.0,51.28205128205128
2025-12-25,23,4.539999999999999,2644.3600000000015,2744.3600000000015,0.0,60.86956521739131
2025-12-26,16,1.6799999999999997,2646.0400000000013,2746.0400000000013,0.0,56.25
2025-12-27,18,1.6399999999999997,2647.680000000001,2747.680000000001,0.0,55.55555555555556
2025-12-28,13,0.7399999999999998,2648.420000000001,2748.420000000001,0.0,53.84615384615385
2025-12-29,16,7.68,2656.100000000001,2756.100000000001,0.0,75.0
2025-12-30,22,7.56,2663.6600000000008,2763.6600000000008,0.0,68.18181818181817
2025-12-31,31,2.3799999999999994,2666.040000000001,2766.040000000001,0.0,54.83870967741935
2026-01-01,43,6.139999999999999,2672.1800000000007,2772.1800000000007,0.0,58.139534883720934
2026-01-02,9,-3.18,2669.000000000001,2769.000000000001,0.0,33.33333333333333
2026-01-03,30,3.3999999999999995,2672.400000000001,2772.400000000001,0.0,56.666666666666664
2026-01-04,17,2.6599999999999997,2675.060000000001,2775.060000000001,0.0,58.82352941176471
2026-01-05,18,1.6399999999999997,2676.7000000000007,2776.7000000000007,0.0,55.55555555555556
2026-01-06,29,0.4199999999999995,2677.120000000001,2777.120000000001,0.0,51.724137931034484
2026-01-07,32,7.359999999999999,2684.480000000001,2784.480000000001,0.0,62.5
2026-01-08,42,5.159999999999999,2689.640000000001,2789.640000000001,0.0,57.14285714285714
2026-01-09,24,13.52,2703.1600000000008,2803.1600000000008,0.0,79.16666666666666
2026-01-10,21,8.58,2711.7400000000007,2811.7400000000007,0.0,71.42857142857143
2026-01-11,33,4.34,2716.080000000001,2816.080000000001,0.0,57.57575757575758
2026-01-12,39,8.219999999999999,2724.3000000000006,2824.3000000000006,0.0,61.53846153846154
2026-01-13,27,4.459999999999999,2728.7600000000007,2828.7600000000007,0.0,59.25925925925925
2026-01-14,24,-0.4800000000000004,2728.2800000000007,2828.2800000000007,0.0,50.0
2026-01-15,28,7.4399999999999995,2735.7200000000007,2835.7200000000007,0.0,64.28571428571429
2026-01-16,30,9.399999999999999,2745.120000000001,2845.120000000001,0.0,66.66666666666666
2026-01-17,30,3.3999999999999995,2748.520000000001,2848.520000000001,0.0,56.666666666666664
2026-01-18,26,11.48,2760.000000000001,2860.000000000001,0.0,73.07692307692307
2026-01-19,23,10.54,2770.540000000001,2870.540000000001,0.0,73.91304347826086
2026-01-20,16,-0.3200000000000003,2770.2200000000007,2870.2200000000007,0.0,50.0
2026-01-21,27,2.4599999999999995,2772.6800000000007,2872.6800000000007,0.0,55.55555555555556
2026-01-22,18,3.6399999999999997,2776.3200000000006,2876.3200000000006,0.0,61.111111111111114
2026-01-23,31,14.379999999999999,2790.7000000000007,2890.7000000000007,0.0,74.19354838709677
2026-01-24,24,3.5199999999999996,2794.2200000000007,2894.2200000000007,0.0,58.333333333333336
2026-01-25,11,0.7799999999999998,2795.000000000001,2895.000000000001,0.0,54.54545454545454
2026-01-26,19,8.62,2803.620000000001,2903.620000000001,0.0,73.68421052631578
2026-01-27,40,-2.8000000000000007,2800.8200000000006,2900.8200000000006,0.0,47.5
2026-01-28,26,9.48,2810.3000000000006,2910.3000000000006,0.0,69.23076923076923
2026-01-29,36,7.279999999999999,2817.580000000001,2917.580000000001,0.0,61.111111111111114
2026-01-30,20,-0.40000000000000036,2817.1800000000007,2917.1800000000007,0.0,50.0
2026-01-31,34,-6.680000000000001,2810.500000000001,2910.500000000001,0.0,41.17647058823529
2026-02-01,23,2.5399999999999996,2813.040000000001,2913.040000000001,0.0,56.52173913043478
2026-02-02,28,-2.5600000000000005,2810.480000000001,2910.480000000001,0.0,46.42857142857143
2026-02-03,11,4.779999999999999,2815.260000000001,2915.260000000001,0.0,72.72727272727273
2026-02-04,20,3.5999999999999996,2818.860000000001,2918.860000000001,0.0,60.0
2026-02-05,29,-3.5800000000000005,2815.280000000001,2915.280000000001,0.0,44.827586206896555
2026-02-06,43,-5.860000000000001,2809.420000000001,2909.420000000001,0.0,44.18604651162791
2026-02-07,28,1.4399999999999995,2810.860000000001,2910.860000000001,0.0,53.57142857142857
2026-02-08,31,4.379999999999999,2815.240000000001,2915.240000000001,0.0,58.06451612903226
2026-02-09,31,2.3799999999999994,2817.6200000000013,2917.6200000000013,0.0,54.83870967741935
2026-02-10,36,1.2799999999999994,2818.9000000000015,2918.9000000000015,0.0,52.77777777777778
2026-02-11,38,-2.7600000000000007,2816.1400000000012,2916.1400000000012,0.0,47.368421052631575
2026-02-12,23,6.539999999999999,2822.680000000001,2922.680000000001,0.0,65.21739130434783
2026-02-13,36,-0.7200000000000006,2821.9600000000014,2921.9600000000014,0.0,50.0
2026-02-14,24,7.52,2829.4800000000014,2929.4800000000014,0.0,66.66666666666666
2026-02-15,39,-5.780000000000001,2823.700000000001,2923.700000000001,0.0,43.58974358974359
2026-02-16,36,7.279999999999999,2830.9800000000014,2930.9800000000014,0.0,61.111111111111114
2026-02-17,27,8.459999999999999,2839.4400000000014,2939.4400000000014,0.0,66.66666666666666
2026-02-18,41,2.1799999999999993,2841.6200000000013,2941.6200000000013,0.0,53.65853658536586
2026-02-19,32,5.359999999999999,2846.9800000000014,2946.9800000000014,0.0,59.375
2026-02-20,39,4.219999999999999,2851.200000000001,2951.200000000001,0.0,56.41025641025641
2026-02-21,32,-2.6400000000000006,2848.5600000000013,2948.5600000000013,0.0,46.875
2026-02-22,22,1.5599999999999996,2850.1200000000013,2950.1200000000013,0.0,54.54545454545454
